Annabel,anardrup0@plala.or.jp,Female
Marcy,mwarde1@pen.io,Female
Sayers,sgreensall2@1688.com,Male
Fabio,flacheze3@vk.com,Male
Stephana,sbeacham4@webnode.com,Female
Tabbie,tlukins5@ehow.com,Female
Ynez,ychastey6@whitehouse.gov,Female
Kipp,khandrek7@flickr.com,Female
Kiersten,krosenstiel8@sphinn.com,Female
Vivia,vjacson9@cnbc.com,Female
Tymothy,tjankiewicza@ucoz.ru,Male
Thatch,tiannuzzib@bbb.org,Male
Royall,rstrangc@businessweek.com,Male
Ced,ctolwoodd@businessweek.com,Male
Leoine,lquelche@barnesandnoble.com,Female
Giorgi,gfrizzellf@51.la,Male
Marlee,mwestphalg@mail.ru,Female
Grady,gcawdronh@furl.net,Bigender
Dorette,dcancutti@bbc.co.uk,Female
Ursa,umaggiorej@fastcompany.com,Female
Kinsley,kfrenchumk@yale.edu,Male
Ardath,acowpl@reverbnation.com,Female
Annadiane,aoakerm@blogs.com,Female
Dolores,ddemainen@sbwire.com,Female
Constancy,cwestreyo@soup.io,Female
Faina,fcolleyp@artisteer.com,Female
Stormie,shogginsq@bbb.org,Female
Harold,htolomellir@twitpic.com,Male
Adamo,acompfords@state.gov,Male
Aili,afallont@comsenz.com,Genderqueer
Page,ppeggremu@timesonline.co.uk,Female
Lindsy,lricardev@theguardian.com,Genderqueer
Celesta,calgiew@ebay.co.uk,Polygender
Ann,asevinx@nps.gov,Female
Katie,kilyasovy@answers.com,Female
Odella,omorkhamz@usgs.gov,Female
Kelvin,kdyble10@dion.ne.jp,Male
Sibel,seisak11@china.com.cn,Female
Jenine,jbessett12@kickstarter.com,Non-binary
Kyla,kaveling13@bandcamp.com,Female
Dare,dyearnsley14@mozilla.org,Male
Hieronymus,hjosilowski15@joomla.org,Male
Carroll,cfinnigan16@jalbum.net,Male
Wayland,wbassilashvili17@cbc.ca,Male
Revkah,rhilliam18@blinklist.com,Female
Art,arichter19@irs.gov,Male
Georgette,gmatisoff1a@timesonline.co.uk,Female
Moyna,meplett1b@yahoo.co.jp,Female
Swen,srubica1c@woothemes.com,Male
Karoly,kknightly1d@aol.com,Female
Earle,ebanbury1e@odnoklassniki.ru,Male
Griselda,gflecknoe1f@storify.com,Female
Amitie,agittose1g@earthlink.net,Non-binary
Cleopatra,cwetherick1h@arizona.edu,Female
Garwood,gmatteini1i@youku.com,Male
Madlen,mwarland1j@csmonitor.com,Female
Sansone,sdorey1k@wunderground.com,Male
Tobiah,tkhomishin1l@accuweather.com,Male
Nikolia,nlaven1m@mapy.cz,Female
Sher,scanada1n@aboutads.info,Female
Brunhilde,bjessope1o@blinklist.com,Agender
Karlotta,klannon1p@blog.com,Female
Darice,ddivver1q@wired.com,Female
Noah,nharfleet1r@moonfruit.com,Male
Jacquelyn,jmontrose1s@alibaba.com,Female
Marcelline,msafe1t@alibaba.com,Female
Alonso,aparton1u@eepurl.com,Male
Yance,yamy1v@examiner.com,Male
Kippar,kgye1w@slashdot.org,Male
Wendell,wroylance1x@opensource.org,Male
Ariel,adivver1y@hostgator.com,Female
Terza,tglen1z@bluehost.com,Female
Morgen,mshellard20@nifty.com,Male
Karel,kkealy21@shareasale.com,Female
Dionis,dshellsheere22@tumblr.com,Female
Jamison,jbignall23@upenn.edu,Male
Corilla,cmapes24@apple.com,Female
Friedrick,ffishley25@google.com,Male
Magnum,mblackeby26@cpanel.net,Male
Mercedes,mgeorgius27@intel.com,Female
Madelina,mtroker28@yellowpages.com,Female
Cameron,ccursons29@ihg.com,Male
Linda,lboyack2a@behance.net,Female
Kane,kmckenney2b@artisteer.com,Male
Daria,dvanshin2c@wix.com,Bigender
Arvie,abrun2d@imgur.com,Male
Ignatius,ijapp2e@nifty.com,Male
Jesselyn,jkillgus2f@nasa.gov,Female
Ramsay,rtireman2g@artisteer.com,Male
Gabie,gtrolley2h@goo.gl,Female
Lemar,ldowning2i@washington.edu,Male
Griz,gtennick2j@dion.ne.jp,Male
Drucy,dbartolini2k@patch.com,Female
Sutherland,swynter2l@google.de,Male
Jammie,jlesslie2m@rediff.com,Female
Richie,rfranzelini2n@google.co.jp,Male
Ruttger,rwagge2o@blinklist.com,Male
Elianore,espeariett2p@thetimes.co.uk,Female
Sammy,sferryn2q@china.com.cn,Male
Alejandro,adauney2r@rambler.ru,Male
Hedda,hhodgen2s@hc360.com,Female
Nicolis,nmacinherney2t@altervista.org,Male
Idalia,icasserley2u@wired.com,Female
Anne,azolini2v@cam.ac.uk,Female
Dixie,djermey2w@reference.com,Female
Spencer,slunney2x@ovh.net,Male
Axe,acoston2y@dailymotion.com,Male
Quentin,qwhitwam2z@mayoclinic.com,Male
Matthiew,mcordeau30@sphinn.com,Male
Brand,bcharlson31@google.co.uk,Male
Amory,ahealeas32@va.gov,Male
Nani,ntrengrove33@gizmodo.com,Female
Allister,awestcot34@hao123.com,Male
Denys,dyegorkov35@yahoo.co.jp,Male
Regen,rlinnit36@engadget.com,Male
Burke,bsidworth37@fc2.com,Male
Dodi,dkittman38@umn.edu,Female
Sherwynd,scatford39@hugedomains.com,Male
Candida,cfellnee3a@wikia.com,Female
Kelsey,kgrindlay3b@earthlink.net,Male
Ruddy,rproudley3c@samsung.com,Male
Ivor,imanhare3d@state.gov,Male
Sasha,skelshaw3e@fema.gov,Female
Skyler,shumbee3f@nps.gov,Male
Othella,otuffield3g@google.com.br,Female
Rosene,rtrownson3h@npr.org,Female
Jae,jhollier3i@uol.com.br,Male
Shaylynn,sgoldfinch3j@t.co,Female
Valentia,vsouch3k@topsy.com,Female
Brynna,baves3l@sciencedirect.com,Female
Cher,cgraeser3m@prweb.com,Female
Ynes,ypaylor3n@wikipedia.org,Female
Keane,kfairn3o@nytimes.com,Genderqueer
Rochester,rtrevon3p@123-reg.co.uk,Male
Daniele,dfarnill3q@answers.com,Female
Walker,warnholz3r@cafepress.com,Male
Celestyn,cgerrens3s@narod.ru,Bigender
Sheree,sbruton3t@yolasite.com,Female
Abbey,abunner3u@nba.com,Male
Joey,jbloschke3v@arizona.edu,Genderqueer
Sibby,scatlette3w@dropbox.com,Agender
Fairleigh,fgready3x@house.gov,Male
Lori,lstalman3y@hugedomains.com,Female
Ossie,omaffei3z@mail.ru,Male
Vitia,vgarman40@booking.com,Female
Samara,soxterby41@gov.uk,Female
Derek,dbruyns42@imdb.com,Male
Dunstan,dchattelaine43@yolasite.com,Male
Findley,fbriskey44@blogs.com,Male
Calv,cberndtssen45@google.fr,Male
Darline,dshelper46@pagesperso-orange.fr,Female
Lorrie,lcammacke47@dailymotion.com,Female
Shannen,sshaddock48@google.pl,Female
Phelia,ppren49@oakley.com,Female
Kippy,kkenderdine4a@ow.ly,Female
Bunny,bmcharg4b@cbsnews.com,Female
Clevie,chalpeine4c@archive.org,Male
Bobbie,bpenniell4d@umn.edu,Male
Candie,cjordison4e@photobucket.com,Female
Fidelio,fdigiorgio4f@pbs.org,Male
Blake,btilberry4g@hugedomains.com,Female
Whitney,wcanland4h@github.com,Male
Pierrette,pepinay4i@slashdot.org,Female
Eustace,eliddel4j@goodreads.com,Male
Halley,hswaffield4k@hibu.com,Female
Jules,jdonnersberg4l@about.com,Male
Hunt,hgoding4m@people.com.cn,Male
Culver,ccrosetti4n@telegraph.co.uk,Polygender
Iormina,imeadway4o@miitbeian.gov.cn,Female
Corliss,cpetzold4p@sciencedirect.com,Female
Rycca,rdigger4q@free.fr,Genderfluid
De witt,dboomes4r@reddit.com,Non-binary
Margi,mambler4s@prweb.com,Female
Jolene,jreffe4t@ustream.tv,Female
Sax,syon4u@cdc.gov,Male
Alina,amack4v@google.fr,Female
Janaya,jlillie4w@imdb.com,Female
Thekla,trotter4x@biblegateway.com,Female
Rosalia,rcray4y@stumbleupon.com,Female
Edvard,eganders4z@chronoengine.com,Male
Klarika,kkinrade50@tinypic.com,Female
Jimmy,jzaczek51@yellowbook.com,Male
Korey,kzimek52@chronoengine.com,Male
Torrence,tsybbe53@phpbb.com,Male
Findlay,ftreend54@imdb.com,Male
Morten,mfewkes55@baidu.com,Bigender
Aurel,abullick56@bandcamp.com,Female
Dillie,dgillingham57@shareasale.com,Male
Tessa,tcarrington58@gizmodo.com,Genderqueer
Wilden,wfonquernie59@github.io,Male
Rahel,rfairest5a@taobao.com,Female
Livvy,lreignould5b@drupal.org,Genderfluid
Letta,lturneaux5c@geocities.com,Female
Cory,cpyzer5d@flickr.com,Female
Adriena,asegge5e@blogs.com,Female
Iver,ibliben5f@ifeng.com,Male
Arnold,ahaslewood5g@time.com,Male
Faustine,foven5h@comsenz.com,Female
Hedy,hsimmen5i@telegraph.co.uk,Female
Baryram,bbarber5j@liveinternet.ru,Polygender
Briana,bbuckle5k@reverbnation.com,Female
Tamma,tgianotti5l@state.gov,Female
Marya,mhellings5m@wsj.com,Female
Jdavie,jmonan5n@ifeng.com,Male
Kincaid,kringer5o@flavors.me,Male
Hurleigh,hbeach5p@earthlink.net,Male
Estrellita,egilvary5q@sciencedirect.com,Female
Danit,dcanedo5r@360.cn,Female
Ode,oarkell5s@jugem.jp,Male
Luz,lalsopp5t@yellowpages.com,Female
Anatola,agandrich5u@privacy.gov.au,Female
Esteban,eshrieve5v@forbes.com,Male
Melessa,mhammill5w@seattletimes.com,Female
Burgess,btroubridge5x@tmall.com,Male
Happy,hhaccleton5y@huffingtonpost.com,Female
Myra,mchasteau5z@tripadvisor.com,Female
Dana,dmorcombe60@nih.gov,Male
Felisha,fteanby61@yellowpages.com,Female
Clemens,ckornousek62@desdev.cn,Male
Em,epoat63@tinyurl.com,Male
Lauretta,lgatecliff64@dyndns.org,Female
Morgun,mmincini65@usa.gov,Male
Kaye,kferraresi66@seattletimes.com,Female
Wiley,wmccolley67@amazon.co.jp,Male
Drucie,dmccleod68@dion.ne.jp,Female
Devin,dstorrah69@ca.gov,Male
Marcelia,mbowie6a@google.co.jp,Female
Teddy,tmedlin6b@skype.com,Female
Melody,mlogsdail6c@discovery.com,Female
Tann,tkohlert6d@google.cn,Male
Alasdair,amaccorley6e@wikispaces.com,Male
Malinde,mbaglin6f@hugedomains.com,Female
Terry,tdonnersberg6g@wired.com,Male
Leoline,lmarusik6h@latimes.com,Female
Miguelita,mgynne6i@fotki.com,Female
Der,dbanton6j@tinyurl.com,Male
Con,ckarchewski6k@mayoclinic.com,Bigender
Desmond,dminchinton6l@posterous.com,Male
Tarrance,tdecleen6m@jiathis.com,Male
Kim,kedgell6n@ucoz.ru,Non-binary
Xylia,xcreighton6o@blinklist.com,Female
Arlen,aevamy6p@foxnews.com,Male
Murielle,maberchirder6q@salon.com,Female
Chaddie,cpragnell6r@ucoz.ru,Male
Zebadiah,zbabonau6s@wordpress.org,Male
Ofilia,omcgeachy6t@google.cn,Female
Leonid,loxlade6u@cbc.ca,Genderfluid
Hardy,hsimper6v@reddit.com,Male
Kellie,kkerner6w@wikipedia.org,Female
Carol-jean,cprickett6x@arizona.edu,Female
Bret,battenborrow6y@examiner.com,Male
Aaren,abaynon6z@smh.com.au,Female
Ellery,eshanklin70@ucoz.ru,Male
Edeline,emuspratt71@xing.com,Female
Alphonse,acarruth72@jalbum.net,Bigender
Gill,gdyson73@reverbnation.com,Female
Jude,jdyerson74@wired.com,Male
Marylee,msharper75@hugedomains.com,Female
Viviana,vslay76@wiley.com,Female
Marietta,mnyssen77@unesco.org,Female
Shamus,smcgann78@deliciousdays.com,Male
Teodoro,tdavitashvili79@amazon.com,Male
Franzen,fcroizier7a@xinhuanet.com,Male
Laetitia,ltrorey7b@spotify.com,Female
Sauncho,sfarge7c@indiegogo.com,Male
Armin,akarran7d@mysql.com,Male
Vince,vmolson7e@icq.com,Non-binary
Stanislaus,sditzel7f@ucla.edu,Male
Delora,dtrusler7g@spotify.com,Female
Ardyce,aalabone7h@goo.gl,Female
Allix,ascrinage7i@miibeian.gov.cn,Female
Bill,bcauthra7j@plala.or.jp,Female
Erwin,emeiklejohn7k@netvibes.com,Male
Debbi,dgrimestone7l@blinklist.com,Female
Windy,wblythin7m@tamu.edu,Female
Morgan,msuggett7n@imdb.com,Female
Madella,misaaksohn7o@wired.com,Bigender
Tansy,tleftwich7p@usgs.gov,Female
Eli,erablin7q@aboutads.info,Male
King,khaslum7r@pagesperso-orange.fr,Male
Ruthanne,rgrose7s@blogtalkradio.com,Female
Wade,wmatteau7t@nhs.uk,Male
Janette,jrops7u@reference.com,Agender
Leoine,lwordington7v@123-reg.co.uk,Female
Abel,acashley7w@t.co,Male
Penrod,pdemerida7x@webmd.com,Male
Kaela,kgobell7y@sourceforge.net,Female
Veda,vhacard7z@infoseek.co.jp,Female
Kristo,kheningham80@netlog.com,Male
Kimberli,klearman81@etsy.com,Female
Bette-ann,bonolan82@histats.com,Female
Cookie,cfreebury83@upenn.edu,Female
Jelene,jruos84@accuweather.com,Female
Alethea,acircuit85@virginia.edu,Female
Lancelot,lbixley86@slideshare.net,Male
Regan,rturfrey87@hao123.com,Male
Cristina,cpeacop88@yale.edu,Female
Alaine,acrosgrove89@issuu.com,Female
Jordain,jtuckwood8a@stanford.edu,Female
Sibylle,sduckers8b@hud.gov,Female
Horton,hpellitt8c@ted.com,Male
Philly,pdalgliesh8d@rakuten.co.jp,Female
Inigo,iprinnett8e@globo.com,Male
Pegeen,pbeardall8f@deliciousdays.com,Non-binary
Sunny,slippingwell8g@wix.com,Female
Rosaline,rpolini8h@nifty.com,Female
Harlene,hholdforth8i@bloglines.com,Female
Edan,emirando8j@about.me,Male
Davidson,dblakden8k@skype.com,Male
Benetta,baldie8l@cbsnews.com,Agender
Arleta,adickins8m@ox.ac.uk,Female
Kris,kgoodhand8n@facebook.com,Male
Garold,gbucklee8o@gov.uk,Male
Margy,mpllu8p@163.com,Female
Kara-lynn,kkinsett8q@redcross.org,Female
Agnola,acourtin8r@tripadvisor.com,Female
Sanson,soheaney8s@cloudflare.com,Male
Ricky,rdehooge8t@nyu.edu,Male
Denys,dwinear8u@furl.net,Male
Quinn,qpaine8v@dagondesign.com,Female
Ervin,epeaurt8w@ibm.com,Male
Cammie,csinott8x@hatena.ne.jp,Female
Morly,mmorrott8y@google.it,Male
Andreas,amurtimer8z@ustream.tv,Male
Wilie,wvenable90@simplemachines.org,Female
Mariann,mwiskar91@themeforest.net,Female
Lettie,ltomas92@newyorker.com,Agender
Zia,zadamo93@google.com,Female
Nance,nwhithorn94@issuu.com,Female
Dorthea,dpuzey95@discuz.net,Female
Merry,mkinvan96@goodreads.com,Male
Julie,jsommerton97@dmoz.org,Male
Wakefield,wswinglehurst98@answers.com,Genderqueer
Idette,iamner99@redcross.org,Female
Borden,bmollison9a@nps.gov,Male
Germaine,gquarterman9b@acquirethisname.com,Female
Jaquelyn,jwison9c@liveinternet.ru,Female
Etheline,econner9d@smh.com.au,Female
Lanette,levamy9e@globo.com,Genderqueer
Cal,cpanons9f@tmall.com,Male
Daveen,donyon9g@purevolume.com,Polygender
Archaimbaud,ahaycraft9h@surveymonkey.com,Male
Sonja,speyto9i@diigo.com,Female
Byram,bknivett9j@privacy.gov.au,Male
Vick,vrotge9k@symantec.com,Male
Napoleon,nohannigan9l@zdnet.com,Male
Levey,lchestnutt9m@hexun.com,Male
Giraldo,griglar9n@youtu.be,Male
Alida,apoker9o@odnoklassniki.ru,Female
Candide,cphilipps9p@biblegateway.com,Female
Salomo,slarvin9q@wikimedia.org,Male
Cammy,cbulman9r@washington.edu,Male
Shermie,sraulston9s@indiatimes.com,Male
Chrysa,cbartosiak9t@stanford.edu,Female
Tove,tsowerbutts9u@narod.ru,Female
Franky,fblissitt9v@google.ru,Female
Shana,sdalinder9w@cdbaby.com,Female
Maridel,mstarsmore9x@squarespace.com,Female
Frederico,fjoerning9y@storify.com,Polygender
Edwin,everlinden9z@ameblo.jp,Male
Nahum,nnewarka0@spiegel.de,Male
Baird,bwallbanka1@smh.com.au,Male
Davidde,dgardenera2@epa.gov,Male
Leese,lpinchesa3@macromedia.com,Female
Giralda,gsleigha4@joomla.org,Agender
Teodoor,tmillmoea5@51.la,Genderqueer
Barry,bharleya6@pagesperso-orange.fr,Male
Elka,emucklowa7@comsenz.com,Female
Daron,dashmenta8@pen.io,Male
Bridie,bdeblasia9@jugem.jp,Female
Willie,wturlaa@msn.com,Female
Sargent,sriltonab@sogou.com,Male
Read,rrighyac@tripod.com,Male
Teodora,tpickthornead@nydailynews.com,Female
Xever,xstoffelsae@zimbio.com,Male
Elga,emcgrudderaf@shinystat.com,Female
Andris,amesantag@webeden.co.uk,Male
Clarissa,cwaggittah@instagram.com,Female
Marena,msiemantelai@gravatar.com,Female
Lawry,lsheweryaj@noaa.gov,Male
Theda,tmercerak@youtu.be,Female
Blisse,bmolsonal@nhs.uk,Genderfluid
Zora,zkidmanam@microsoft.com,Female
Sharla,spresleyan@nhs.uk,Female
Geri,ghaineyao@smugmug.com,Female
Taite,trolfoap@gizmodo.com,Male
Meir,mmasserelaq@stumbleupon.com,Male
Bruno,breadingar@ycombinator.com,Male
Tildie,tduberryas@nasa.gov,Female
Gris,ggislebertat@discovery.com,Male
Cecilius,cstonardau@issuu.com,Male
Karena,kshorieav@shop-pro.jp,Female
Travus,tyearnsleyaw@smugmug.com,Male
Mac,mwanderschekax@infoseek.co.jp,Male
Leone,ltapeay@ox.ac.uk,Female
Horst,hjonasaz@amazon.co.jp,Male
Dianemarie,dlegallb0@lulu.com,Female
Orazio,oknutsenb1@businessweek.com,Male
Millicent,mwhitehurstb2@reddit.com,Female
Merry,mmcmenamyb3@quantcast.com,Female
Aimee,asprattb4@gmpg.org,Female
Kerri,khubandb5@who.int,Female
Bernadette,bstrattonb6@guardian.co.uk,Female
Walsh,wkarlssonb7@photobucket.com,Male
Griffin,gdevuystb8@oaic.gov.au,Male
Ellary,erakeb9@baidu.com,Male
Marijo,mdequesneba@biglobe.ne.jp,Female
Jacquenetta,jjervoisebb@oracle.com,Female
Leroi,lstelfaxbc@abc.net.au,Male
Eberhard,emacvanamybd@free.fr,Male
Frasco,fthickensbe@google.com.hk,Male
Artus,aspaxmanbf@miibeian.gov.cn,Male
Leelah,ltooleybg@state.gov,Female
Inez,ifitzharrisbh@networkadvertising.org,Female
Timmie,tdemebi@odnoklassniki.ru,Male
Mayer,mlorenzobj@marketwatch.com,Male
Davine,dnaptinebk@yelp.com,Female
Windham,whierrobl@google.it,Male
Godart,gruitbm@amazon.de,Male
Arty,amcgilmartinbn@dailymotion.com,Male
Lucas,ldimariabo@a8.net,Male
Nona,nlandmanbp@dailymotion.com,Agender
Harrison,hbottombq@t-online.de,Male
Gaultiero,gpybusbr@gmpg.org,Male
Glen,gskiltonbs@dailymotion.com,Male
Virgil,vmacpheebt@tinypic.com,Bigender
Michel,mmyerscoughbu@si.edu,Male
Etti,ejarretbv@china.com.cn,Female
Marcella,mhaigbw@so-net.ne.jp,Female
Erinna,epetyankinbx@prlog.org,Genderfluid
Marney,mcouvertby@blog.com,Bigender
Ula,uspinkebz@nytimes.com,Female
Ailene,aelsonc0@kickstarter.com,Female
Pippo,pcrannellc1@forbes.com,Male
Irvine,iingreec2@creativecommons.org,Male
Lexine,lherkessc3@jalbum.net,Female
Thibaut,tlillistonec4@fotki.com,Male
Claudio,cmontgomeryc5@un.org,Male
Gibby,gpollardc6@baidu.com,Male
Wolfgang,wbasec7@people.com.cn,Male
Minne,mbloxlandc8@twitter.com,Female
Liv,lkilbyc9@reuters.com,Female
Hastie,hpittelca@wordpress.com,Male
Ogden,omarchbankcb@theguardian.com,Male
Breanne,bartinstallcc@hostgator.com,Female
Georgy,gruskcd@de.vu,Male
Derick,ddowyerce@ft.com,Male
Gale,gbrashercf@latimes.com,Female
Orrin,odickycg@uiuc.edu,Male
Duff,dwillimotch@google.es,Male
Sib,squilliamci@answers.com,Female
Inga,isoopercj@craigslist.org,Female
Ruthie,rtuhyck@freewebs.com,Female
Eba,eraatzcl@nih.gov,Female
Kirstyn,kohmcm@bloglines.com,Female
Phineas,pcolquerancn@discuz.net,Male
Deeann,dkirganco@homestead.com,Female
Barry,bballingcp@wufoo.com,Male
Nathanil,ntorpiecq@storify.com,Male
Norbie,ncremencr@nyu.edu,Male
Gaultiero,gwishercs@hugedomains.com,Male
Clerissa,cstandenct@rediff.com,Female
Lazarus,lbrickhillcu@sina.com.cn,Male
Aron,aplumecv@alexa.com,Male
Sibel,sstedsoncw@stanford.edu,Female
Bev,bmahargcx@cocolog-nifty.com,Female
Liana,ldodshuncy@wordpress.com,Genderfluid
Cathe,cportiscz@blogger.com,Female
Isobel,imapledoramd0@sphinn.com,Female
Eadmund,ehalidayd1@cnet.com,Male
Aubrey,aperoned2@deviantart.com,Female
Herbie,hogilvied3@reference.com,Male
Ella,eneiland4@globo.com,Female
Brigitte,baubrund5@t.co,Female
Renaud,rpatillod6@thetimes.co.uk,Male
Anne-marie,avelad7@drupal.org,Female
Alasteir,acolreind8@newsvine.com,Male
Lesley,lvaulkhardd9@booking.com,Female
Nicola,nchomickida@merriam-webster.com,Male
Caritta,cpeertdb@dell.com,Female
Larry,lcuttlerdc@telegraph.co.uk,Non-binary
Becky,bbentdd@addtoany.com,Female
Torry,tcransonde@goo.ne.jp,Male
Aaron,ahulldf@businessinsider.com,Male
Tammie,tcockettdg@cnbc.com,Female
Denyse,dwolfingerdh@youtube.com,Female
Ilysa,iendledi@woothemes.com,Female
Alphonse,astreetleydj@wp.com,Male
Anton,acodadk@google.de,Male
Brynne,blackmanndl@google.cn,Bigender
Fredi,fbraunfelddm@amazon.de,Genderqueer
Antonin,arockcliffdn@symantec.com,Agender
Jeramie,jmendezdo@google.co.uk,Male
Ann-marie,atumiotodp@so-net.ne.jp,Female
Tami,tstaddondq@techcrunch.com,Female
Toiboid,tcherryholmedr@dyndns.org,Male
Rosie,rgartsydeds@google.com.au,Female
Nobie,ngreenerdt@storify.com,Male
Etty,emackiesondu@hexun.com,Female
Allin,agoodisondv@mlb.com,Male
Jannelle,jcatleydw@home.pl,Female
Yorker,yabeladx@mail.ru,Male
Kilian,kwarlowdy@cbsnews.com,Male
Reinhold,rwaistalldz@senate.gov,Bigender
Corbet,ccutcliffee0@skyrock.com,Male
Freddie,fdrohanee1@stumbleupon.com,Female
Darcie,dchevine2@unicef.org,Female
Reinaldo,rgrelkae3@paginegialle.it,Male
Care,cgeorginse4@blogspot.com,Male
Augusto,afintophe5@wikipedia.org,Male
Jaime,jyarre6@tamu.edu,Male
Kingsley,kfinlaye7@amazon.co.jp,Male
Myca,mvaskove8@google.ca,Male
Martie,mgabbote9@blogs.com,Male
Beatriz,bstreetsea@dot.gov,Female
Raddie,rschiefersteneb@phoca.cz,Male
Clyde,clisettec@alibaba.com,Male
Rowe,rdauneyed@vinaora.com,Polygender
Chloe,criguardee@omniture.com,Female
Waly,wcatoref@example.com,Female
Mitchel,mlindeeg@oracle.com,Male
Garrott,gklosaeh@plala.or.jp,Genderqueer
Baldwin,bbrunettiei@cdbaby.com,Male
Ranique,rfodenej@scientificamerican.com,Genderfluid
Alla,aradloffek@miibeian.gov.cn,Female
Aubry,awaslingel@netscape.com,Female
Tallulah,tgarforthem@va.gov,Female
Gunar,gschoenrocken@loc.gov,Male
Chastity,ctapplyeo@hugedomains.com,Female
Ursula,upeytonep@craigslist.org,Female
Shanda,sbarroneq@nps.gov,Female
Gawain,gkarpetser@fc2.com,Male
Sergei,smartugines@quantcast.com,Male
Aili,aantognazziet@cdc.gov,Female
Sarge,smatzleu@youtu.be,Male
Dulciana,dstrutev@youtube.com,Female
Monty,mswinburnew@adobe.com,Male
Viola,vivakhnoex@bizjournals.com,Genderqueer
Connie,ciansoney@naver.com,Male
Henri,hrudlandez@furl.net,Male
Yardley,yburgillf0@washington.edu,Male
Tiffanie,tsandaverf1@usgs.gov,Female
Harley,htichnerf2@bloglovin.com,Female
Lay,lhawkinsf3@thetimes.co.uk,Male
Marla,mbevirf4@histats.com,Female
Laina,lmcleishf5@baidu.com,Female
Malina,mlottringtonf6@nsw.gov.au,Non-binary
Pavlov,pbilbief7@oakley.com,Male
Bren,bnovisf8@house.gov,Male
Evangelia,eshreevef9@spiegel.de,Female
Vi,vmcsparranfa@etsy.com,Female
Sarine,smulderfb@wisc.edu,Genderfluid
Penrod,plaughlinfc@list-manage.com,Male
Ebba,ebendlefd@shinystat.com,Female
Lavinia,lmanvellfe@gizmodo.com,Female
Sherlock,stesdaleff@wikia.com,Male
Janenna,jbrilfg@sitemeter.com,Genderqueer
Ferne,fzamboniarifh@latimes.com,Female
Aymer,ahurlefi@sphinn.com,Male
Menard,mstammerfj@uiuc.edu,Male
Logan,lbachshellfk@va.gov,Male
Adelheid,aismirniogloufl@abc.net.au,Genderfluid
Artemas,apirellifm@arstechnica.com,Male
Herman,hromainefn@amazon.com,Male
Hew,hrichelfo@cyberchimps.com,Male
Gwenette,gvernallfp@statcounter.com,Female
Stepha,smanfordfq@seesaa.net,Agender
Amos,agisbeyfr@zdnet.com,Male
Chandler,cfieldsfs@newsvine.com,Male
Jacquelin,jbrychanft@bravesites.com,Female
Maurise,mbenoifu@google.co.uk,Male
Jane,jnellenfv@adobe.com,Female
Iormina,iswadlingefw@ask.com,Female
Rodolfo,rrizzillofx@ibm.com,Male
Adorne,abarriballfy@yolasite.com,Female
Leo,lrhymesfz@nasa.gov,Male
Prudi,pmiddlemistg0@vinaora.com,Female
Bradford,bdevereuxg1@jiathis.com,Bigender
Corri,ctugmang2@histats.com,Non-binary
Heindrick,hdingivang3@reuters.com,Male
Alayne,agurneeg4@jalbum.net,Genderfluid
Wren,wbraundg5@comsenz.com,Female
Sebastian,sarcaseg6@berkeley.edu,Male
Lorita,lblackmang7@mtv.com,Polygender
Syd,smcevoyg8@scribd.com,Male
Dewain,degang9@hatena.ne.jp,Male
Gisela,gcaughtryga@newyorker.com,Female
Zia,zhekkertgb@blogspot.com,Female
Grove,gmccloshgc@time.com,Male
Zared,zvaningd@wikipedia.org,Male
Nathanil,ninnisge@sina.com.cn,Male
Mable,mbolfgf@quantcast.com,Female
Griffin,glaffranconigg@elpais.com,Genderqueer
Rodrick,roverpoolgh@theguardian.com,Male
Madelina,mlavignegi@google.de,Female
Arnie,aconnechygj@privacy.gov.au,Male
Kendal,kmattussevichgk@msu.edu,Male
Johna,jmchirriegl@cpanel.net,Female
Kelila,kzaniolettigm@webmd.com,Female
Elie,ewyeldgn@google.com,Female
Quinton,qmuggeridgego@apple.com,Male
Milty,mjekyllgp@shutterfly.com,Male
Tallulah,tpaynesgq@youku.com,Genderqueer
Hyacinthe,hbraxtongr@mozilla.com,Female
Denis,dlyffegs@loc.gov,Genderfluid
Joela,jshakeladegt@tinypic.com,Female
Jimmie,jcreasygu@360.cn,Male
Dyane,dgilbardgv@gravatar.com,Female
Hetti,hsloangw@dyndns.org,Female
Mommy,mapthorpegx@unesco.org,Female
Deck,dnickellgy@dmoz.org,Male
Zacharias,zblesdillgz@mediafire.com,Male
Roberta,rmadillh0@marriott.com,Female
Clemmy,chaytonh1@cargocollective.com,Male
Alla,aandrinh2@bigcartel.com,Female
Hoyt,hmckernonh3@goo.ne.jp,Male
Joell,jlefrankh4@indiegogo.com,Female
Lanni,lcawkerh5@tripadvisor.com,Female
Una,uwhetlandh6@tripadvisor.com,Female
Herb,hseaversh7@geocities.com,Male
Staford,svannaccih8@wisc.edu,Male
Simona,strattlesh9@jiathis.com,Non-binary
Kiley,kblesliha@chicagotribune.com,Male
Marchall,mkochshb@skype.com,Male
Remington,rpeddiehc@bloglovin.com,Male
Alessandra,abagbyhd@mtv.com,Female
Yvon,ybendehe@google.it,Male
Ugo,ulevickhf@youtu.be,Male
Perri,pjeduchhg@dedecms.com,Female
Chevy,cgerardinhh@csmonitor.com,Male
Rici,rmarageshi@ycombinator.com,Female
Ann,adreghornhj@blogger.com,Female
Blancha,breucastlehk@github.com,Female
Clair,chorsleyhl@apache.org,Female
Ingrim,ilantehm@dell.com,Male
Owen,omaciejakhn@domainmarket.com,Bigender
Merwyn,msworderho@twitpic.com,Male
Rustin,rbrienthp@moonfruit.com,Male
Thoma,trussihq@foxnews.com,Male
Veradis,vattowhr@list-manage.com,Female
Bab,bmannixhs@va.gov,Female
Seline,sswiersht@java.com,Polygender
Gladi,gconklinhu@devhub.com,Female
Joane,jsallowshv@deviantart.com,Female
Neil,ncaineshw@census.gov,Male
Edlin,escollickhx@answers.com,Male
Darcy,dmckellochhy@posterous.com,Male
Keri,ksallhz@cnn.com,Female
Taffy,teyckelbecki0@apache.org,Female
Nigel,nmalecki1@photobucket.com,Male
Salim,sjaukovici2@cnbc.com,Male
Desi,dradborni3@msu.edu,Male
Butch,bdeeblei4@studiopress.com,Genderqueer
Caz,cpropheti5@boston.com,Male
Barny,blinnocki6@google.co.jp,Male
Neils,nguidellii7@oakley.com,Male
Harlie,hcumberbatchi8@geocities.jp,Female
Aldin,arodgersi9@amazon.co.uk,Male
Debi,dkannia@marketwatch.com,Female
Leodora,lliveleyib@artisteer.com,Female
Kev,kdruelic@clickbank.net,Male
Karim,kdiantonioid@vk.com,Male
Brantley,bdefrancescoie@devhub.com,Non-binary
Gifford,gipgraveif@usatoday.com,Male
Toni,tjansaig@eepurl.com,Female
Hanson,hgemsonih@blogtalkradio.com,Male
Debbi,dalsobrookii@studiopress.com,Female
Aldwin,adionisettoij@mozilla.org,Male
Colleen,cmatejik@macromedia.com,Polygender
Clark,calredil@independent.co.uk,Male
Cornie,cpenlingtonim@free.fr,Female
Nesta,normstonin@infoseek.co.jp,Female
Galvan,gprysio@deviantart.com,Male
Rowena,rklaessenip@prlog.org,Female
Sandor,shradskyiq@delicious.com,Male
Orv,omoncrieffeir@sciencedaily.com,Polygender
Blondie,bsillsis@github.io,Non-binary
Oates,owimburyit@stanford.edu,Male
Katine,kdyzartiu@furl.net,Female
Donn,dgoateriv@123-reg.co.uk,Male
Eberhard,ecymperiw@discovery.com,Male
Abigael,atroubridgeix@netlog.com,Female
Salome,szywickiiy@scribd.com,Female
Bree,bworsnupiz@goo.ne.jp,Female
Beaufort,broofej0@scribd.com,Male
Katherina,klystj1@flavors.me,Genderqueer
Melvyn,mskotcherj2@yellowbook.com,Male
Ximenez,xshakesbyj3@ibm.com,Male
Robbie,rlaunchburyj4@examiner.com,Female
Thibaut,torletonj5@i2i.jp,Agender
Alecia,atredwellj6@china.com.cn,Female
Martie,mwassonj7@indiatimes.com,Male
Cliff,csedgmanj8@columbia.edu,Male
Licha,lwhardleyj9@google.cn,Genderfluid
Ken,kcaserja@freewebs.com,Male
Zahara,zblakelockjb@etsy.com,Female
Olivero,omcnabbjc@twitter.com,Male
Brittni,bdavysjd@opensource.org,Agender
Morse,mtregearje@edublogs.org,Male
Jillayne,jfugglejf@quantcast.com,Female
Amandy,aorablejg@huffingtonpost.com,Genderqueer
Joel,jcomelinijh@yahoo.co.jp,Male
Roslyn,rdaughertyji@craigslist.org,Female
Silvester,spenninojj@reddit.com,Bigender
Kellia,kofihilyjk@npr.org,Female
De witt,dcaveyjl@toplist.cz,Male
Sinclare,shairejm@aboutads.info,Male
Tomas,tcallacherjn@webmd.com,Bigender
Austin,arapojo@yelp.com,Male
Elke,eswafferjp@loc.gov,Female
Virge,valeksankinjq@ocn.ne.jp,Male
Doug,dmcgunleyjr@ted.com,Male
Miles,mduffelljs@mozilla.org,Male
Godwin,gplumjt@google.cn,Male
Jemmy,jhenderju@webeden.co.uk,Female
Foss,fsemarkjv@google.com.au,Male
Gibb,gbackenjw@weather.com,Male
Enid,eevilljx@eventbrite.com,Female
Lauretta,lpleveyjy@pen.io,Female
Edvard,elinnemanjz@mozilla.com,Male
Edan,eroncellik0@hubpages.com,Male
Patric,prubyk1@yahoo.co.jp,Male
Lorrin,lpenningsk2@bizjournals.com,Female
Silvanus,sdobyk3@scientificamerican.com,Agender
Ebony,eilyask4@bandcamp.com,Female
Saxe,slaethamk5@independent.co.uk,Male
Francene,ftookek6@is.gd,Genderfluid
Genovera,gelkink7@naver.com,Female
Lemmy,lgannk8@nps.gov,Male
Rooney,rmaggik9@google.cn,Male
Courtenay,cloundska@mapy.cz,Female
Babs,bdobingkb@bloglovin.com,Female
Mira,mhanscombekc@imageshack.us,Female
Paulie,pfaulderkd@umn.edu,Male
Noble,nkernke@cocolog-nifty.com,Male
Antoinette,adelacikf@nhs.uk,Female
Tracey,tsimcokg@cnet.com,Male
Lowrance,llusherkh@cpanel.net,Male
Nadean,nduligallki@typepad.com,Female
Carlynn,cmedlinkj@jugem.jp,Female
Emogene,eachurchkk@bravesites.com,Female
Meggi,mpleveykl@ustream.tv,Female
Gladys,gpetrickm@pen.io,Female
Elia,eroseburghkn@rambler.ru,Male
Jobina,jjudkinko@ameblo.jp,Bigender
Ephraim,eajamkp@imageshack.us,Male
Blondy,bearpkq@cbc.ca,Female
Matthieu,mstudkr@cloudflare.com,Male
Kennan,kboothmanks@amazonaws.com,Male
Lesly,ldeandreiskt@opensource.org,Female
Bary,bscarlanku@sphinn.com,Male
Shay,sbenniskv@ucsd.edu,Male
Pearle,pgeistbeckkw@google.cn,Female
Willetta,wmeiklekx@dmoz.org,Female
Gray,gramardky@ustream.tv,Male
Zora,zeasleakz@sitemeter.com,Female
Cyrus,cfosdickl0@dropbox.com,Male
Ivy,igoodfieldl1@theatlantic.com,Female
Granger,gboothl2@clickbank.net,Male
Dermot,donionl3@tmall.com,Male
Robinet,rgrimml4@vinaora.com,Female
Marsiella,mcoulthardl5@independent.co.uk,Female
Isaac,icubberleyl6@merriam-webster.com,Male
Ferdy,fhalvorsenl7@spiegel.de,Agender
Melvin,mvolkesl8@unesco.org,Male
Joly,jsherynel9@statcounter.com,Female
Ferne,fadamollila@walmart.com,Female
Quincy,qpaleklb@mac.com,Male
Ravi,rchastanglc@drupal.org,Male
Elie,eadairld@washington.edu,Female
Bethina,brushmanle@comcast.net,Female
Winny,wabsalomlf@unesco.org,Female
Dari,dgeerlg@behance.net,Female
Lavinie,lpavlovskylh@sourceforge.net,Female
Fraze,ffenbyli@cornell.edu,Male
Lilia,lkeranslj@naver.com,Female
Rosana,rfarreillk@slideshare.net,Female
Angelo,asantorinill@ihg.com,Male
Kurtis,kkirbylm@umn.edu,Male
Evyn,ediveln@nydailynews.com,Male
Ignatius,iharradlo@meetup.com,Male
Elmira,epinderlp@tripadvisor.com,Female
Grove,gciciuralq@oracle.com,Male
Ottilie,ooxberrylr@pen.io,Female
Reube,rnarrawayls@wisc.edu,Male
Kara,kblaxalllt@un.org,Female
Ronni,rsimeolilu@gov.uk,Agender
Nerissa,nfaheylv@businessinsider.com,Female
Garald,gbritlandlw@seesaa.net,Male
Darelle,dlemarquandlx@psu.edu,Female
Hilliard,hfrusherly@tripod.com,Male
Lee,lmcgillivraylz@surveymonkey.com,Female
Susannah,smccarrym0@spiegel.de,Female
Gwendolen,gminersm1@fda.gov,Female
Lee,lthaxtonm2@patch.com,Female
Abdel,ayakovichm3@i2i.jp,Male
Shelbi,sdankovm4@liveinternet.ru,Female
Fitz,fwatsonm5@psu.edu,Male
Rae,radamthwaitem6@diigo.com,Female
Dionisio,dmarryattm7@mapy.cz,Male
Bevin,bhurdissm8@oakley.com,Male
Etty,eovenellm9@examiner.com,Female
Orbadiah,ocokaynema@dedecms.com,Male
Jefferey,jdowlesmb@fastcompany.com,Male
Alta,arobkenmc@wordpress.com,Female
Lilah,lhamblynmd@naver.com,Female
Sunny,sfryme@hp.com,Genderfluid
Carmela,cmaccaigmf@e-recht24.de,Female
Myrtia,mivashkovmg@macromedia.com,Female
Neddy,nruddockmh@parallels.com,Male
Bruce,bjohnikinmi@stanford.edu,Male
Cassy,cmcgeouchmj@nbcnews.com,Female
Kinnie,kscranchermk@spiegel.de,Male
Eleanora,eolesenml@senate.gov,Female
Alyse,aoldroydemm@symantec.com,Genderfluid
Renado,rmichelmoremn@lycos.com,Male
Kennith,kcreekmo@chronoengine.com,Male
Lorain,lferrillomp@hostgator.com,Female
Hillard,hhumpherstonmq@telegraph.co.uk,Male
Rea,rwoolfendenmr@ebay.com,Female
Lenora,lrapellims@people.com.cn,Female
Had,hcrouchmt@latimes.com,Male
Haleigh,hsmithendmu@dion.ne.jp,Male
Berton,bhamptonmv@shareasale.com,Male
Nicolle,ncongravemw@bloomberg.com,Female
Baily,brobbingsmx@mozilla.org,Male
Nixie,ngeppmy@apache.org,Female
Nananne,nverrillomz@google.de,Female
Verge,vhurlern0@msn.com,Male
Karoly,kpiburnn1@nifty.com,Male
Perry,pparelln2@mayoclinic.com,Female
Janos,jjosefsonn3@nydailynews.com,Male
Donavon,dtibblesn4@reference.com,Male
Edna,ezylbermannn5@disqus.com,Female
Darda,dstrathearnn6@drupal.org,Female
Inglebert,isquiren7@apache.org,Male
Malory,mtythacottn8@amazon.co.uk,Female
Vilma,vbrogin9@boston.com,Female
Lina,lnewshamna@techcrunch.com,Female
Sol,sfredanb@creativecommons.org,Male
Willie,wbuchanannc@unesco.org,Male
Izaak,ibroadernd@fc2.com,Non-binary
Paloma,phillumne@usnews.com,Female
Odell,okliemkenf@quantcast.com,Male
Dieter,ddoerrlingng@imdb.com,Male
Cindee,ctanmannh@tumblr.com,Female
Ianthe,itrobridgeni@cafepress.com,Female
Jo ann,jughellinj@lycos.com,Female
Nona,nbrewoodnk@wsj.com,Female
Arman,ajenourenl@bizjournals.com,Male
Mordecai,mvautinnm@prnewswire.com,Agender
Ferdinand,fwaldramnn@fastcompany.com,Male
Reggis,rjealousno@answers.com,Agender
Johannes,jpetersennp@bluehost.com,Male
Donetta,dtaitnq@tripod.com,Female
Vick,vgrewnr@bravesites.com,Male
Nalani,nedelstonns@blog.com,Female
Cinderella,cpinckneynt@army.mil,Female
Consalve,ccoopeynu@ovh.net,Polygender
Cob,cpoylenv@ucoz.com,Male
Di,dovendennw@yandex.ru,Female
Celestyn,cpovernx@time.com,Female
Rupert,rdavenhallny@google.nl,Male
Suzanne,snodinnz@storify.com,Female
George,gphythieno0@slideshare.net,Polygender
Willie,wstenningo1@ehow.com,Male
Elspeth,eelveno2@blogs.com,Female
Heddi,hbougheyo3@seattletimes.com,Female
Noby,nclasho4@google.de,Male
Ame,ahaddlestono5@blinklist.com,Non-binary
Kalindi,klamertono6@wikimedia.org,Female
Alexine,askillmano7@usgs.gov,Female
Branden,bdearno8@bing.com,Male
Roana,rkenyono9@behance.net,Female
Lara,lsalvageoa@joomla.org,Female
Alphonse,arobionob@squarespace.com,Male
Adlai,arogerotoc@soundcloud.com,Male
Carissa,csymmersod@yandex.ru,Female
Daryn,dlegonoe@biglobe.ne.jp,Female
Penny,pdebischopof@cafepress.com,Female
Yoshi,ygiroldoog@ezinearticles.com,Female
Jessika,jcopplestoneoh@hp.com,Female
Von,vcrockenoi@scientificamerican.com,Male
Vincents,vmcgaugieoj@indiegogo.com,Male
Sylvan,ssharpousok@smugmug.com,Male
Merrill,mnewittol@joomla.org,Genderfluid
Shane,sdecopemanom@earthlink.net,Male
Rafa,rladbrookeon@about.me,Female
Paxton,pgorgeroo@elegantthemes.com,Male
Bertram,bhaselupop@g.co,Male
Corrina,csucheoq@elpais.com,Female
Jorey,jsommervilleor@edublogs.org,Female
Marian,mcockneyos@uol.com.br,Female
Culver,cmartinsonot@dagondesign.com,Male
Irwinn,imallionou@hp.com,Male
Phip,pwylesov@g.co,Male
Pryce,phadcockow@hostgator.com,Male
Myrvyn,mstanworthox@hibu.com,Male
Inger,iknathoy@chicagotribune.com,Female
Aviva,alicciardiellooz@netvibes.com,Genderfluid
Zachary,zrummerp0@newsvine.com,Male
Trenton,tgiraldonp1@alexa.com,Male
Con,cpayzep2@who.int,Male
Udell,uoharep3@etsy.com,Male
Thane,twhetnellp4@ucla.edu,Male
Manfred,mbeardwellp5@mit.edu,Male
Valentine,vspawellp6@ehow.com,Male
Lucinda,lhazzardp7@prlog.org,Female
Odo,ohedgemanp8@yelp.com,Male
Orson,okeddlep9@reference.com,Male
Sallyann,scatterollpa@va.gov,Female
Eddi,egillicuddypb@so-net.ne.jp,Female
Noll,nmclugaishpc@webmd.com,Polygender
Mendy,mbiggerstaffpd@usda.gov,Male
Emerson,eambrosipe@yandex.ru,Male
Rickert,rdellenbrokerpf@seattletimes.com,Male
Donny,ddeinertpg@jimdo.com,Genderfluid
Hildegaard,hspybeyph@go.com,Female
Silas,sjexpi@ow.ly,Bigender
Petronia,palessandrettipj@usgs.gov,Female
Carmencita,cmaddernpk@smh.com.au,Female
Ivonne,ivanichkinpl@shutterfly.com,Female
Di,dmattevipm@nifty.com,Female
Janith,jdunkerkpn@wufoo.com,Female
Baily,bbirminghampo@free.fr,Male
Maia,mtumasianpp@example.com,Bigender
Jecho,jmounsiepq@elpais.com,Male
Renaud,rtwitchingspr@earthlink.net,Agender
Cullan,cvereganps@jigsy.com,Male
Darwin,droswarnept@angelfire.com,Male
Constantin,cdykepu@icio.us,Male
Innis,idecroixpv@cam.ac.uk,Male
Bartie,blankesterpw@naver.com,Male
Rafaelita,rtoyerpx@blinklist.com,Female
Leonerd,lcracoepy@i2i.jp,Male
Maris,mclulowpz@google.cn,Female
Jonathan,joheagertieq0@washingtonpost.com,Male
Idaline,iaudasq1@msn.com,Female
Brier,bhoultq2@youtu.be,Female
Curr,calesoq3@liveinternet.ru,Male
Darnell,dpickavanceq4@chronoengine.com,Male
Karel,kcornewallq5@seesaa.net,Male
Adelina,acorbittq6@barnesandnoble.com,Female
Susanna,slazenbyq7@statcounter.com,Female
See,ssaichq8@nhs.uk,Male
Marcos,mbulchq9@livejournal.com,Male
Peirce,pvalenciaqa@amazonaws.com,Male
Franciska,fgummqb@gizmodo.com,Female
Elijah,egatchelqc@yellowbook.com,Male
Michaeline,mdowdleqd@google.de,Female
Sissy,skestleqe@netscape.com,Female
Tyrus,tmacaughtrieqf@quantcast.com,Male
Lurline,ldaileyqg@nps.gov,Non-binary
Bob,bgianniqh@comcast.net,Male
Pembroke,pbuesdenqi@baidu.com,Male
Dorolisa,dfanceqj@hud.gov,Female
Thor,twalrondqk@simplemachines.org,Male
Della,dhassurql@rambler.ru,Female
Cristine,ccanizaresqm@1und1.de,Female
Sherwynd,swymanqn@google.com.br,Polygender
Caesar,cmiguetqo@twitter.com,Male
Harlie,handrioniqp@flavors.me,Female
Veradis,vsawellqq@imgur.com,Female
Mady,mdoramqr@sohu.com,Female
Dallis,dbloxhamqs@dropbox.com,Male
Darcie,deverallqt@unc.edu,Female
Eleanora,ecackettqu@java.com,Female
Toddie,tsnoddonqv@cbsnews.com,Genderfluid
Arnuad,alafondqw@constantcontact.com,Male
Griffin,ghugganqx@marketwatch.com,Male
Auguste,acornuauqy@dedecms.com,Female
Lorinda,lbrisseauqz@ask.com,Female
Jock,jfulunr0@imdb.com,Male
Vanya,vriggollr1@omniture.com,Male
Constantia,cduchantr2@msn.com,Female
Davin,dfallowr3@umich.edu,Male
Giselle,ggudahyr4@accuweather.com,Female
Nolan,nhillr5@parallels.com,Male
Jesselyn,jboydellr6@wisc.edu,Female
Gage,gjendrysr7@g.co,Male
Chance,clettleyr8@comcast.net,Male
Almeria,ahallawaysr9@marriott.com,Female
Diahann,dslatorra@themeforest.net,Female
Saleem,sforderb@about.me,Male
Magdalena,mpuryrc@jiathis.com,Female
Bill,bmilnerd@cyberchimps.com,Bigender
Nathan,nmogiere@nhs.uk,Agender
Darda,daldhouserf@deliciousdays.com,Female
Rodger,raspinalrg@boston.com,Male
Mile,mdundonrh@utexas.edu,Male
Wynn,wcawleyri@uol.com.br,Male
Carr,cmiskenrj@mapy.cz,Male
Neila,nlapwoodrk@livejournal.com,Female
Essie,eseiffertrl@bloglines.com,Female
Pete,ptromansrm@de.vu,Male
Terry,tmellanbyrn@usda.gov,Male
Hughie,hhanfordro@dion.ne.jp,Male
Arlan,abrickseyrp@nba.com,Male
Lukas,lborrierq@cpanel.net,Male
Auroora,adollerr@un.org,Female