Jenni,jverman0@java.com,Female
Ruthanne,rkneath1@quantcast.com,Female
Nanni,nsanham2@virginia.edu,Female
Lilyan,lsadgrove3@java.com,Female
Graehme,gridgewell4@yandex.ru,Male
Pancho,pgurwood5@hatena.ne.jp,Male
Rich,rgarcia6@yahoo.com,Male
Aldus,atregensoe7@comcast.net,Male
Michelle,mhandrik8@t.co,Bigender
Ruby,rciardo9@gmpg.org,Female
Gloriane,gwhithorna@e-recht24.de,Female
Edita,ereinhardb@sogou.com,Female
Alla,acanetc@reddit.com,Female
Jens,jfullomd@stumbleupon.com,Male
Jodie,jfilippyeve@skyrock.com,Female
Melinde,mmcpaikf@nifty.com,Female
Sigvard,sduggeng@hibu.com,Male
Byran,bgiddinsh@hibu.com,Male
Audie,amascalli@nyu.edu,Female
Vonnie,vbroadnickej@bloglovin.com,Female
Robinia,rkubekk@unesco.org,Female
Erminie,ecastelletl@harvard.edu,Female
Currey,cjadom@webeden.co.uk,Polygender
Jammal,jdacen@tamu.edu,Male
Sebastiano,skernaghano@prlog.org,Male
Ansley,aiveryp@sogou.com,Female
Kary,kfittallq@github.io,Female
Samantha,ssherlockr@washington.edu,Genderfluid
Debora,dezeles@samsung.com,Female
Cathleen,cmcwilliamst@biglobe.ne.jp,Female
Brenda,bfarloeu@cornell.edu,Female
Brina,bstrasev@census.gov,Female
Beale,blabonew@google.de,Male
Mata,mballchinx@wufoo.com,Male
Waylan,wfantonettiy@google.co.jp,Male
Chas,cismayz@engadget.com,Male
Sam,sgoch10@seattletimes.com,Female
Stephanie,sold11@who.int,Female
Darrin,dvoden12@fda.gov,Agender
Tiffi,thaylett13@hatena.ne.jp,Female
Carmon,camoss14@yale.edu,Female
Noe,nbyrde15@mac.com,Bigender
Ole,obeckerleg16@hhs.gov,Male
Addison,atinmouth17@springer.com,Male
Jerrilyn,jkornilyev18@dyndns.org,Female
Stuart,ssproul19@parallels.com,Male
Cullie,cattwell1a@indiatimes.com,Male
Yurik,ynorewood1b@github.com,Agender
Rafael,rtreadgear1c@nasa.gov,Male
Elliott,esinney1d@rediff.com,Male
Akim,ahintzer1e@ustream.tv,Male
Mikel,mudall1f@theguardian.com,Male
Jules,jwakenshaw1g@theguardian.com,Bigender
Bev,bdarragon1h@deliciousdays.com,Female
Filippo,frisom1i@blogger.com,Male
Flss,fccomini1j@deliciousdays.com,Female
Trey,tbercevelo1k@godaddy.com,Male
Horten,htetla1l@vistaprint.com,Male
Yolanthe,yleagas1m@sina.com.cn,Female
Jefferson,jgainsborough1n@smh.com.au,Male
Hanny,hgleeton1o@princeton.edu,Female
Tonnie,ttommasuzzi1p@google.co.jp,Polygender
Christian,cdizlie1q@berkeley.edu,Female
Lydon,lfennessy1r@arstechnica.com,Male
Geneva,gprahl1s@princeton.edu,Female
Dar,dpusey1t@ehow.com,Male
Gabey,gslateford1u@squidoo.com,Female
Jean,jruddock1v@oracle.com,Male
Gaelan,gaugustus1w@ovh.net,Male
Araldo,acohan1x@blogspot.com,Male
Faun,flayus1y@mtv.com,Female
Tobie,tshuxsmith1z@youku.com,Non-binary
Addison,aropartz20@sfgate.com,Male
Emma,ebuer21@weebly.com,Female
Stanleigh,sjentin22@cdbaby.com,Male
Helene,hloveday23@edublogs.org,Female
Lana,lwilder24@addtoany.com,Female
Nero,nglassup25@sakura.ne.jp,Male
Charmane,ckorous26@aol.com,Female
Abe,awatters27@shareasale.com,Male
Moritz,mmccaighey28@barnesandnoble.com,Male
Jarret,jbriggdale29@list-manage.com,Male
Pauletta,pmollatt2a@patch.com,Female
Reilly,rhonisch2b@go.com,Male
Hakeem,hslesser2c@cyberchimps.com,Male
Chandal,csutterfield2d@digg.com,Female
Editha,emcness2e@huffingtonpost.com,Female
Eugine,eandras2f@zdnet.com,Bigender
Alethea,aclissett2g@devhub.com,Female
Harvey,hpaireman2h@is.gd,Male
Katine,kfauning2i@simplemachines.org,Female
Quintin,qmcnysche2j@businessweek.com,Male
Missie,mdericut2k@sun.com,Female
Yankee,ysidry2l@homestead.com,Male
Mitzi,meccleshall2m@fotki.com,Female
Stan,sblow2n@theglobeandmail.com,Male
Dario,dsparrow2o@simplemachines.org,Male
Isa,ilomaz2p@senate.gov,Female
Flint,fmargaritelli2q@soup.io,Male
Noak,ngrimsell2r@businesswire.com,Male
Chelsea,cguittet2s@bravesites.com,Female
Lacey,lmorgans2t@samsung.com,Female
Verene,vskupinski2u@tumblr.com,Female
Corrianne,cpietranek2v@plala.or.jp,Female
Bunnie,bphilippon2w@engadget.com,Female
Kissie,khews2x@who.int,Female
Evita,esauniere2y@alexa.com,Female
Elwin,eharower2z@is.gd,Male
Darby,dmorgen30@army.mil,Male
Taffy,trahlof31@jugem.jp,Female
Fawne,fletessier32@foxnews.com,Female
Lorrayne,lfarmar33@cmu.edu,Female
Ladonna,lesby34@japanpost.jp,Polygender
Skye,sjanus35@diigo.com,Male
Shelly,sryan36@ted.com,Female
Goran,glemerle37@imdb.com,Male
Keir,kbeckmann38@zdnet.com,Male
Marsh,mmichal39@bandcamp.com,Male
Joyann,jboggs3a@vkontakte.ru,Female
Zebedee,zbretland3b@hhs.gov,Male
Rutledge,rvandenvelde3c@msn.com,Male
Karina,khassey3d@blinklist.com,Female
Lebbie,lwederell3e@themeforest.net,Female
Mirabelle,mdassindale3f@mtv.com,Female
Sherlocke,smowsley3g@rediff.com,Polygender
Claudina,csillitoe3h@hugedomains.com,Female
Jens,jquittonden3i@prlog.org,Male
Rea,rkither3j@cpanel.net,Female
Jerry,jshapland3k@globo.com,Male
Pall,paindrais3l@ameblo.jp,Male
Raimundo,rbannerman3m@netscape.com,Male
Roddy,rfeatherston3n@geocities.com,Genderqueer
Huntlee,hhandrok3o@blog.com,Male
Gayler,gowens3p@nyu.edu,Male
Dawna,ddutnall3q@netlog.com,Female
Sandra,spaireman3r@webnode.com,Female
Kalli,kmaccawley3s@xinhuanet.com,Female
Abey,aramsdell3t@shop-pro.jp,Male
Forster,fcoughlin3u@quantcast.com,Male
George,gsycamore3v@ebay.co.uk,Male
Jephthah,jferryman3w@netlog.com,Male
Raeann,rerbe3x@dell.com,Female
Abbe,atwizell3y@reddit.com,Female
Junie,jdrinkale3z@cnn.com,Female
Evered,egheerhaert40@instagram.com,Male
Timmi,tvaun41@bing.com,Female
Rudiger,rbrade42@shinystat.com,Male
Orelee,orobak43@addtoany.com,Female
Isador,iclows44@nps.gov,Male
Normie,nbutterworth45@netlog.com,Male
Donny,dhouliston46@i2i.jp,Female
Hesther,hclutheram47@noaa.gov,Non-binary
Antonio,amizzen48@about.com,Male
Weidar,wtyndall49@skyrock.com,Male
Felix,fnorcop4a@creativecommons.org,Male
Mellie,modd4b@phoca.cz,Female
Baillie,bosmond4c@prlog.org,Non-binary
Tatum,thuxton4d@istockphoto.com,Female
Benjie,barnaut4e@skype.com,Male
Agosto,aitzkovitch4f@altervista.org,Male
Elsie,edelacourt4g@jigsy.com,Female
Genna,gocurrane4h@xinhuanet.com,Female
Nicholas,nmactrustram4i@nymag.com,Male
Ralina,rbaitson4j@twitpic.com,Female
Kienan,kingrem4k@technorati.com,Male
Evaleen,ecearley4l@php.net,Female
Bastian,bwilmut4m@cnet.com,Male
Anthiathia,abyers4n@bandcamp.com,Female
Rolf,rdymidowicz4o@bizjournals.com,Polygender
Hermon,hmcauslene4p@163.com,Male
Patricio,psallinger4q@ibm.com,Male
Kenon,kchicchelli4r@creativecommons.org,Male
Marlena,mmarciskewski4s@facebook.com,Female
Auguste,arickword4t@multiply.com,Female
Yardley,ysherringham4u@skyrock.com,Male
Vernice,vmoss4v@slideshare.net,Female
Jaimie,jcostard4w@dailymail.co.uk,Male
Dasya,dhounson4x@photobucket.com,Polygender
Sharleen,swoolforde4y@wix.com,Bigender
Creight,clayhe4z@jiathis.com,Male
Jeralee,jrennock50@bluehost.com,Female
Adelina,ayelding51@slate.com,Female
Sarette,sbarrand52@cbsnews.com,Female
Earle,erabbatts53@networksolutions.com,Male
Tara,ttenny54@sitemeter.com,Female
Arni,abowes55@kickstarter.com,Male
Torrin,ttyhurst56@cisco.com,Male
Zabrina,zdowker57@ca.gov,Female
Sheree,stookill58@google.fr,Female
Noelani,nbresnen59@fotki.com,Female
Gage,gcraxford5a@e-recht24.de,Agender
Benson,bnisen5b@github.com,Male
Colette,cpester5c@aboutads.info,Non-binary
Tucker,tburthom5d@jalbum.net,Male
Taddeo,tgalvin5e@jalbum.net,Male
Merlina,mbeckham5f@tripod.com,Female
Modesta,msells5g@cpanel.net,Polygender
Michelina,mgodden5h@github.io,Female
Gipsy,gransley5i@gnu.org,Female
Fawn,ffowlie5j@alexa.com,Female
Dag,danfonsi5k@ask.com,Agender
Cordie,cspafford5l@geocities.com,Male
Howey,hpinar5m@tripod.com,Male
Justinian,jwillars5n@economist.com,Male
Seana,sreading5o@blinklist.com,Female
Sayres,srewcassell5p@eventbrite.com,Male
Kort,kswaile5q@usgs.gov,Male
Caesar,ccarless5r@wikimedia.org,Male
Dorene,dclyde5s@bbb.org,Female
Yard,yhazeup5t@springer.com,Male
Allie,ahutchinson5u@nymag.com,Female
Isidro,isemarke5v@princeton.edu,Male
Demetris,dwass5w@marriott.com,Male
Elwyn,egarvey5x@wiley.com,Non-binary
Mark,mheimes5y@altervista.org,Male
Etty,eknewstubb5z@upenn.edu,Female
Alexis,agwillim60@arstechnica.com,Female
Else,erandlesome61@rediff.com,Female
Goldie,gcollicott62@homestead.com,Female
Rosana,rpaskell63@dailymotion.com,Female
Carce,cpopplestone64@comsenz.com,Male
Stephanus,swrathall65@whitehouse.gov,Genderfluid
Essy,eriddiough66@pinterest.com,Non-binary
Elwyn,eloding67@google.it,Male
Mario,mgodden68@mysql.com,Male
Daveta,dgerrets69@ezinearticles.com,Genderqueer
Ralph,rgodspede6a@netvibes.com,Male
Tonnie,teble6b@123-reg.co.uk,Male
Jemmie,jelstob6c@arstechnica.com,Female
Marv,mroycroft6d@abc.net.au,Male
Kevon,kgettone6e@google.cn,Male
Gearalt,gwarratt6f@umich.edu,Male
Germaine,gforsdyke6g@va.gov,Male
Garold,gvassel6h@scribd.com,Agender
Meara,mworthy6i@youtube.com,Female
Herrick,htuxsell6j@google.fr,Male
Katharyn,kspadari6k@naver.com,Female
Ivan,ihens6l@is.gd,Male
Ciro,ckores6m@huffingtonpost.com,Male
Kaitlyn,krowesby6n@biglobe.ne.jp,Female
Edgar,ewhapham6o@wired.com,Male
Munroe,mtrythall6p@scribd.com,Male
Sherwynd,sdidomenico6q@fotki.com,Male
Jefferey,jtrevain6r@themeforest.net,Male
Donal,dmixer6s@house.gov,Male
Ezmeralda,ebickley6t@csmonitor.com,Female
Stormi,ssinott6u@netvibes.com,Female
Griff,gwitherup6v@twitter.com,Male
Bartolemo,bfateley6w@mit.edu,Male
Elena,ehobell6x@bizjournals.com,Female
Regina,rpaulet6y@goo.gl,Genderfluid
Taddeusz,tchasteney6z@com.com,Male
Inessa,iblamire70@posterous.com,Female
Denny,dchattaway71@google.ru,Polygender
Brendin,bmcnutt72@auda.org.au,Male
Joanie,josharry73@gmpg.org,Female
Arlin,adreher74@mtv.com,Male
Lelah,lmackim75@macromedia.com,Female
Jania,jbembrigg76@odnoklassniki.ru,Female
Rodge,rwilcher77@europa.eu,Male
Kahaleel,kclubley78@sourceforge.net,Male
Kristine,ktreffrey79@bravesites.com,Female
Rodger,rzannelli7a@mapy.cz,Male
Gunner,gflowitt7b@symantec.com,Male
Ardenia,asayre7c@newyorker.com,Female
Teodoor,tready7d@nytimes.com,Male
Cooper,cnorton7e@wikimedia.org,Male
Nonna,noscollain7f@nymag.com,Female
Otto,oboij7g@seattletimes.com,Male
Kendell,khindhaugh7h@technorati.com,Male
Hedwig,hvernalls7i@webnode.com,Female
Mike,mveryard7j@wired.com,Male
Arlette,adingivan7k@webmd.com,Female
Hervey,hbaxstar7l@discuz.net,Male
Darda,dlingard7m@sciencedaily.com,Female
Stesha,sfairlamb7n@com.com,Female
Genevieve,gmcmanamon7o@tmall.com,Female
Michal,mjindacek7p@unicef.org,Male
Elisabeth,eespinel7q@people.com.cn,Female
Florance,fcutbush7r@businessinsider.com,Female
Garrik,gjolin7s@wufoo.com,Genderqueer
Iolande,iwhitloe7t@nhs.uk,Agender
Shane,sspry7u@wiley.com,Male
Yul,yarchbutt7v@deviantart.com,Male
Jamal,jferminger7w@examiner.com,Male
Yoshiko,ycummine7x@creativecommons.org,Female
Flory,fbugler7y@goo.ne.jp,Female
Nari,ndonald7z@newyorker.com,Female
Stavros,slochhead80@salon.com,Male
Maryellen,mjackett81@unesco.org,Female
Hastings,hsteinhammer82@opensource.org,Male
Pierre,pmarczyk83@redcross.org,Male
Odell,oduxbarry84@bbc.co.uk,Male
Boigie,bjeaves85@usnews.com,Male
Lauretta,lionnisian86@nationalgeographic.com,Female
Kathy,kdumbleton87@latimes.com,Female
Ennis,emarlin88@ovh.net,Agender
Elie,ebrentnall89@salon.com,Female
Egbert,edaveren8a@kickstarter.com,Male
Brita,bhaigh8b@mozilla.org,Female
Rebeka,rpasby8c@yolasite.com,Female
Babbette,bhallor8d@senate.gov,Female
Dav,dmcateer8e@freewebs.com,Male
Neile,nkennerknecht8f@telegraph.co.uk,Female
Lyndsey,lkezor8g@sakura.ne.jp,Female
Kayla,kbuten8h@dropbox.com,Female
Susanna,spodbury8i@ucsd.edu,Female
Kirstyn,kllewellin8j@behance.net,Female
Shaina,svivyan8k@arstechnica.com,Female
Alf,afrise8l@disqus.com,Male
Mick,mdenizet8m@berkeley.edu,Male
Tedman,tlade8n@umn.edu,Male
Port,pfroude8o@illinois.edu,Male
Ase,adaventry8p@edublogs.org,Male
Odo,obellany8q@ebay.co.uk,Male
Jaclyn,jfrancescozzi8r@arizona.edu,Female
Ruprecht,rsharpley8s@huffingtonpost.com,Male
Abram,awalisiak8t@chron.com,Male
Durand,dleroux8u@whitehouse.gov,Male
Alessandro,achampney8v@unesco.org,Genderfluid
Gene,gcobbled8w@howstuffworks.com,Female
Margot,mruskin8x@google.ru,Female
Walton,wbushby8y@theguardian.com,Male
Lynn,lobbard8z@tamu.edu,Female
Ashbey,aedmondson90@smh.com.au,Male
Shaina,swallbanks91@naver.com,Bigender
Benji,bdevlin92@dion.ne.jp,Male
Garey,gvasic93@vistaprint.com,Male
Bendicty,bmacgoun94@sogou.com,Male
Kylynn,kwedge95@ed.gov,Female
Dulcy,dagates96@theguardian.com,Female
Cull,cbroadbent97@irs.gov,Male
Forrest,faslin98@naver.com,Male
Griffie,gkerbey99@cornell.edu,Male
Ambrose,acoopland9a@dropbox.com,Male
Norean,nchaikovski9b@slate.com,Female
Boonie,bessame9c@blogspot.com,Male
Mina,mebhardt9d@msn.com,Polygender
Dosi,dcordes9e@sbwire.com,Bigender
Sheffield,sbeasleigh9f@cbslocal.com,Male
Eldridge,espruce9g@google.de,Male
Patricio,pscotcher9h@blogtalkradio.com,Male
Ricard,rspurr9i@webs.com,Male
Halimeda,hghidelli9j@redcross.org,Female
Hillel,htarry9k@booking.com,Male
Alexandro,awhapple9l@a8.net,Male
Lambert,lregardsoe9m@hp.com,Male
Phoebe,pbaudesson9n@umn.edu,Female
Shirley,sgianolo9o@paginegialle.it,Female
Sibyl,seckford9p@cloudflare.com,Female
Ignatius,ilutwidge9q@go.com,Male
Phyllida,pgyorffy9r@cbslocal.com,Female
Earle,ebrydell9s@mashable.com,Male
Bone,bbartaletti9t@disqus.com,Male
Carmelia,cburrells9u@godaddy.com,Female
Kirk,kplease9v@nhs.uk,Male
Lynnea,lgollard9w@phpbb.com,Female
Ileana,istow9x@usgs.gov,Bigender
Tobias,tnials9y@umich.edu,Male
Aloysius,abranni9z@gizmodo.com,Male
Zed,zdibiagioa0@scribd.com,Male
Sigismund,sfollowsa1@google.com.au,Male
Violante,vvedishcheva2@auda.org.au,Female
Erinna,ependereda3@gizmodo.com,Female
Kimble,kpedroccoa4@artisteer.com,Male
Terry,tstevensona5@redcross.org,Female
Fedora,fodoa6@state.tx.us,Female
Ambrose,afriea7@uiuc.edu,Male
Ulberto,utollidaya8@hao123.com,Male
Meghann,mburchalla9@flickr.com,Female
Johanna,jtarteaa@omniture.com,Agender
Serge,shaggartyab@mac.com,Male
Nicolais,nplumtreeac@yolasite.com,Male
Micah,mgovenlockad@google.com.au,Male
Ingaberg,igallaharae@list-manage.com,Female
Valentia,vpuzeyaf@instagram.com,Female
Deeanne,dcolthardag@hhs.gov,Female
Flynn,falkerah@dion.ne.jp,Male
Arlyne,adunguyai@bravesites.com,Female
Giulia,gjarmanaj@netscape.com,Female
Torrence,tdenneyak@cisco.com,Male
Yetta,ydaensal@uol.com.br,Female
Aldin,aaroninam@w3.org,Male
Cullin,cbengoughan@ebay.com,Male
Meghan,mmoxtedao@unesco.org,Female
Antonella,asleafordap@cbslocal.com,Female
Sadye,sdowntonaq@techcrunch.com,Female
Aharon,amaldenar@samsung.com,Bigender
Ortensia,oelementas@topsy.com,Female
Stacy,swebberat@dmoz.org,Male
Dorry,dkarlqvistau@yellowpages.com,Female
Stanwood,spretswellav@yellowpages.com,Polygender
Shane,spykeaw@umn.edu,Female
Bernardina,bkempsterax@cdc.gov,Female
Beniamino,bmayberyay@wp.com,Male
Justinian,jeynonaz@live.com,Male
Des,dgoodwillb0@sohu.com,Male
Jerrilee,jdensellb1@arstechnica.com,Female
Timofei,twherryb2@bigcartel.com,Male
Jules,jgrigoryovb3@wix.com,Male
Jacquenetta,jpengilleyb4@weibo.com,Genderfluid
Mireille,mholbieb5@clickbank.net,Female
Port,pshipstonb6@example.com,Male
Rafaelia,rspearmanb7@so-net.ne.jp,Female
Karole,kranklinb8@discovery.com,Non-binary
Octavia,ojordisonb9@cyberchimps.com,Genderqueer
Tomlin,tpeddelba@ca.gov,Genderfluid
Kliment,kfalconarbb@mtv.com,Male
Sargent,smountbc@wisc.edu,Agender
Ivett,ipavlovbd@a8.net,Female
Corbin,cselkirkbe@dagondesign.com,Agender
Gottfried,gvicentbf@state.tx.us,Male
Joey,jrowatbg@jiathis.com,Female
Jacquelyn,jgladstonebh@google.co.uk,Female
Gray,gwhitterbi@pagesperso-orange.fr,Female
Bent,bmacteggartbj@google.com,Male
Olag,oflattebk@reddit.com,Male
Vinson,vchelleybl@disqus.com,Male
Hakim,hgothupbm@scientificamerican.com,Polygender
Sergeant,sdalessandrobn@sbwire.com,Male
Ian,iposkittbo@163.com,Male
Marlin,mgilloolybp@latimes.com,Male
Arlin,ascousebq@ycombinator.com,Male
Hollis,hcrookebr@unc.edu,Male
Rowen,rknudsenbs@moonfruit.com,Male
Alexine,aellsombt@wikia.com,Female
Brian,bsiegebu@cnn.com,Male
Court,clidgettbv@cdc.gov,Male
Waylen,wivashintsovbw@godaddy.com,Male
Nye,nvallerybx@state.tx.us,Male
Adoree,alegatby@yellowpages.com,Female
Gayler,gaffleckbz@privacy.gov.au,Male
Jorgan,jwickendenc0@cbsnews.com,Male
Celisse,cblanshardc1@washingtonpost.com,Female
Sarena,sewbanchec2@aol.com,Female
Cristie,ctripletc3@hugedomains.com,Genderfluid
Licha,lfairfoulc4@chicagotribune.com,Female
Hanni,hosheac5@mail.ru,Female
Marita,mchealesc6@theglobeandmail.com,Female
Wolf,wboikc7@newsvine.com,Male
Harrison,hismailc8@tamu.edu,Male
Kandace,koverlandc9@e-recht24.de,Female
Ellyn,ejosskovizca@4shared.com,Female
Binni,blysaghtcb@uol.com.br,Female
Farand,fstandellcc@is.gd,Female
Daryl,dvandervliescd@phpbb.com,Female
Garik,gkidneyce@barnesandnoble.com,Male
Miran,mgalerocf@psu.edu,Genderqueer
Tamar,tmeeuscg@elegantthemes.com,Female
Rebeka,rmacalasterch@ocn.ne.jp,Female
Isaiah,iosipovci@cisco.com,Male
Aeriell,akarpfencj@irs.gov,Agender
Carma,chartlandck@upenn.edu,Female
Waiter,wdybaldcl@sogou.com,Male
Kerry,kquidenhamcm@about.com,Male
Nettie,nsnookescn@discuz.net,Female
Doralynn,dsolomonidesco@amazon.co.uk,Female
Misti,mscrangecp@bbc.co.uk,Female
Kimbell,kworkescq@reddit.com,Male
Turner,tslightcr@springer.com,Male
Dacia,djaggardcs@creativecommons.org,Female
Elysha,ebeminsterct@boston.com,Female
Willa,wmalescu@omniture.com,Female
Denys,dbreckincv@telegraph.co.uk,Male
Torry,tdrinkeldcw@nasa.gov,Male
Shannah,spaitoncx@desdev.cn,Bigender
Rick,rrameletcy@webeden.co.uk,Male
Jessamine,jjaouencz@theglobeandmail.com,Female
Timmy,tbalaisond0@nature.com,Male
Blondy,bsunnersd1@storify.com,Polygender
Rahel,rpontond2@shareasale.com,Female
Cherilyn,ctouretd3@ovh.net,Agender
Husein,hdenersd4@cyberchimps.com,Male
Kendell,kmurleyd5@abc.net.au,Male
Urban,uperaccod6@odnoklassniki.ru,Male
Zsa zsa,zharrissd7@lycos.com,Female
Malissia,mandriveaud8@tamu.edu,Female
Palm,pboald9@smugmug.com,Male
Craig,cwoolwardda@nasa.gov,Male
Glynis,ghaddrelldb@umich.edu,Polygender
Auberon,asharerdc@smh.com.au,Male
Roger,rlangstonedd@studiopress.com,Male
Charlot,ctremathackde@salon.com,Female
Austen,aouverdf@hexun.com,Male
Halette,hoheardg@amazon.co.uk,Genderqueer
Peyton,preasundh@elegantthemes.com,Male
Noelle,ncrispdi@over-blog.com,Female
Clemente,cbentotedj@google.fr,Male
Graehme,gheakinsdk@rediff.com,Male
Frans,fdantesiadl@gizmodo.com,Male
Price,pgarnsworthydm@addthis.com,Male
Edee,egravesondn@harvard.edu,Female
Devonne,dclaydo@usda.gov,Female
Tann,tdargandp@washington.edu,Male
Correy,csturgisdq@chronoengine.com,Female
Danyette,drookdr@craigslist.org,Female
Melinde,mdummerds@digg.com,Female
Bianka,bheinreichdt@indiatimes.com,Female
Gaylord,gcrankdu@oakley.com,Male
Sydelle,sprevostdv@hubpages.com,Female
Nobe,npaulsondw@cocolog-nifty.com,Male
Burgess,btackledx@vistaprint.com,Male
Lloyd,lhowbrookdy@joomla.org,Male
Marie-jeanne,mrubinowdz@craigslist.org,Female
Nikolia,nsayee0@w3.org,Female
Iago,idessaure1@people.com.cn,Male
Dulcia,dhealkse2@shareasale.com,Female
Shaun,ssantostefanoe3@npr.org,Male
Gregoire,gweitzele4@spotify.com,Male
Olin,omuslime5@answers.com,Male
Filmer,faizkovitche6@about.com,Male
Albert,askille7@networkadvertising.org,Male
Mattias,mbenettinie8@dell.com,Male
Ilaire,iterlindene9@desdev.cn,Male
Weber,wcrebottea@earthlink.net,Bigender
Andie,aanthonieseb@cnet.com,Male
Artemas,abaldiniec@nasa.gov,Male
Alidia,apentlanded@gravatar.com,Female
Darda,dmetrickee@ovh.net,Female
Addy,ajandacef@army.mil,Male
Gwenneth,gfarringtoneg@aboutads.info,Female
Louis,lyitzovitzeh@howstuffworks.com,Male
Sissy,sreolfoei@friendfeed.com,Female
Luis,lglasspooleej@princeton.edu,Male
Claudell,cstrutleyek@cbslocal.com,Male
Mac,mbramfordel@stanford.edu,Male
Lori,lchecklinem@wikimedia.org,Agender
Jeane,jrigneyen@cnbc.com,Female
Vonni,vgusheo@dell.com,Female
Natassia,ncostallep@cafepress.com,Female
Beale,bvaneedeneq@ovh.net,Male
Raymond,rstennineer@cpanel.net,Male
Nollie,nerridgees@java.com,Female
Basile,bbiscombet@comsenz.com,Male
Reynard,rghosteu@wikimedia.org,Male
Corry,cmcarthurev@ca.gov,Female
Dusty,despinaew@slideshare.net,Female
Desmond,dfabryex@dedecms.com,Male
Hortense,hrowaszkiewiczey@weibo.com,Female
Ava,alibrerosez@loc.gov,Female
Tiff,tdeanef0@netscape.com,Female
Vevay,vkembreyf1@over-blog.com,Female
Merwyn,mbooseyf2@samsung.com,Male
Krista,kfreschinif3@jiathis.com,Female
Nalani,ndreschef4@shareasale.com,Female
Olia,ofalckf5@issuu.com,Female
Gilles,gconneelyf6@freewebs.com,Male
Alwin,afeaseyf7@reddit.com,Male
Trumann,tsodeauf8@pbs.org,Male
Rolland,rstquentinf9@blog.com,Male
Annabell,asenecautfa@hud.gov,Female
Harbert,hwhymarkfb@homestead.com,Male
Vernen,vkilligrewfc@stanford.edu,Male
Laryssa,lfriftfd@sakura.ne.jp,Female
Israel,ithrelfallfe@shop-pro.jp,Male
Petra,pgimbrettff@washington.edu,Female
Lory,lsyfaxfg@twitter.com,Female
Lilia,leadenfh@posterous.com,Female
Courtney,cproschfi@ow.ly,Male
Filberte,felnerfj@over-blog.com,Male
Patricio,psurbyfk@reuters.com,Male
Suzanne,sstanbrofl@technorati.com,Female
Carlie,cpamplinfm@cisco.com,Female
Diego,dlobfn@answers.com,Male
Hi,hnieselfo@qq.com,Male
Izaak,icosseyfp@amazonaws.com,Non-binary
Petr,pbendleyfq@mapquest.com,Male
Con,cdummiganfr@un.org,Female
Ailina,amaydwellfs@hostgator.com,Female
Arri,akarlmannft@cloudflare.com,Male
Fanny,fpenquetfu@yahoo.co.jp,Female
Sadye,skunafv@marketwatch.com,Female
Calvin,chardagefw@nps.gov,Male
Ritchie,rlandrieufx@imageshack.us,Non-binary
Amelia,agraalmanfy@yolasite.com,Female
Tory,tboamefz@a8.net,Female
Sigismondo,sfuzzeyg0@walmart.com,Male
Karisa,kpiscopellog1@stanford.edu,Female
Brit,bblizardg2@berkeley.edu,Male
Phil,pbatterg3@desdev.cn,Female
Ettie,edickmang4@msu.edu,Female
Martyn,mbatchleyg5@newyorker.com,Male
Alecia,azanettig6@engadget.com,Female
Lauralee,llisimoreg7@wisc.edu,Female
Abe,aweatherallg8@tinypic.com,Male
Mercie,mlayborng9@foxnews.com,Female
Dilan,dgoodludga@craigslist.org,Male
Olivette,opitfieldgb@pinterest.com,Female
Christophe,civangc@discovery.com,Male
Marni,maspinwallgd@ycombinator.com,Female
Stanley,sakettge@nyu.edu,Male
Sonnie,sskurmgf@plala.or.jp,Polygender
Chucho,cbourgourgg@google.com.br,Male
Rosanne,rhelksgh@bandcamp.com,Female
Carolann,ckaleygi@shareasale.com,Female
Tonie,tadamovitzgj@ucoz.com,Female
Tucky,tprobackgk@yellowpages.com,Male
Katusha,klelliottgl@va.gov,Bigender
York,ytomikgm@globo.com,Male
Carlotta,ccouragegn@geocities.jp,Female
Tanitansy,tphillpottsgo@hp.com,Female
Lindsey,lilyushkingp@tmall.com,Non-binary
Caitrin,crhubottomgq@plala.or.jp,Female
Myles,msillegr@diigo.com,Male
Horatius,hsarvergs@chicagotribune.com,Male
Cortie,cwadiegt@google.nl,Male
Collin,csutlieffgu@soup.io,Male
Kelli,khallstonegv@virginia.edu,Female
Findlay,fsemechikgw@foxnews.com,Male
Adlai,amillthorpegx@webmd.com,Male
Raimondo,rmulhollandgy@qq.com,Male
Selia,skaysorgz@moonfruit.com,Female
Clevey,cpelosih0@imdb.com,Male
Una,ucattellh1@ovh.net,Female
Chloette,cidaleh2@apple.com,Female
Locke,lstanesh3@webnode.com,Male
Fanechka,fbailessh4@omniture.com,Genderfluid
Hamnet,hphalph5@slideshare.net,Male
Leonard,lsutherdenh6@nhs.uk,Male
Ingelbert,imcclintonh7@booking.com,Male
Ignace,idreschlerh8@naver.com,Male
Dollie,dpelzh9@163.com,Female
Hubert,hpringourha@google.ru,Male
Portia,plimeburnerhb@oracle.com,Female
Esther,eboldthc@prlog.org,Female
Marla,mstearshd@umich.edu,Female
Bebe,blamblothe@mapy.cz,Female
Nichol,nhaslehursthf@accuweather.com,Female
Benita,bmeatyardhg@tuttocitta.it,Female
Dew,dteapehh@dmoz.org,Male
Elicia,erawleshi@hugedomains.com,Female
Isidoro,ijefferyshj@ycombinator.com,Male
Lilias,lcreberhk@youku.com,Female
Devlen,dchastanhl@ebay.com,Male
Paulette,pcaustickhm@vimeo.com,Female
Vincenty,vvictorhn@nytimes.com,Male
Chlo,credrupho@list-manage.com,Non-binary
Roland,rkrikorianhp@prweb.com,Male
Jameson,jfuncheonhq@dedecms.com,Agender
Rob,rtampinhr@imgur.com,Male
Bat,bhandkehs@i2i.jp,Male
Hamlin,hplankht@gov.uk,Male
Terry,twhileshu@noaa.gov,Male
Kayley,kpapeshv@hugedomains.com,Female
Cassaundra,corcotthw@elpais.com,Female
Kory,kfyldeshx@home.pl,Male
Pall,pcathenodhy@hibu.com,Male
Joeann,jpoldinghz@disqus.com,Female
Sharai,sbooreri0@icq.com,Female
Alanah,avanderhoogi1@jimdo.com,Female
Amanda,agreggsi2@soup.io,Female
Sonny,sbillioni3@google.de,Female
Mersey,mgoldesi4@whitehouse.gov,Female
Alexandra,aanlayi5@studiopress.com,Female
Thebault,tguichardi6@technorati.com,Male
Olenolin,oblazynskii7@e-recht24.de,Male
Adolphe,amyhani8@cpanel.net,Non-binary
Abra,aguddi9@people.com.cn,Female
Finlay,foriginia@stanford.edu,Male
Hamilton,hguielib@time.com,Male
Ricoriki,rtunnicliffic@va.gov,Male
Caritta,ckolinid@t.co,Female
Goddart,ggibbettsie@jimdo.com,Male
Wolfie,wwyeldif@ow.ly,Male
Bil,bbosworthig@vk.com,Male
Bearnard,bsilberih@icio.us,Male
Leif,lchopyii@tumblr.com,Male
Bathsheba,bwarryij@indiegogo.com,Female
Donelle,dstreatherik@mysql.com,Female
Joseph,jtrollopeil@123-reg.co.uk,Genderfluid
Aeriela,acullim@infoseek.co.jp,Non-binary
Kimble,klewseyin@elegantthemes.com,Male
Lemmie,ldunrigeio@engadget.com,Male
Mahmoud,mbircherip@example.com,Male
Hort,hcharretteiq@msu.edu,Genderqueer
Judye,jsanctoir@behance.net,Female
Ciro,cgellingis@berkeley.edu,Male
Easter,emorecombeit@nytimes.com,Female
Blondie,bfarragheriu@posterous.com,Female
Winthrop,wbealiv@scientificamerican.com,Male
Vanni,vlabbaiw@sbwire.com,Female
Brigg,bweinix@is.gd,Male
Hanson,hwynrehameiy@cdbaby.com,Male
Kip,kistediz@oracle.com,Female
Melli,mshepherdj0@noaa.gov,Female
Leeann,lblintj1@lycos.com,Female
Nolan,npoznanskij2@ocn.ne.jp,Male
Kimmie,knasij3@godaddy.com,Female
Abrahan,aconstanzaj4@weibo.com,Male
Shina,smattinj5@cmu.edu,Female
Benson,bbessetj6@pinterest.com,Male
Darby,dsoaperj7@reddit.com,Male
Iver,iwoolacottj8@ucoz.ru,Male
Dulciana,dfrentzj9@prnewswire.com,Female
Kristopher,khornungja@google.cn,Male
Mina,mshawyersjb@addtoany.com,Female
Jermaine,jjoskowitzjc@constantcontact.com,Female
Alie,adunbletonjd@deviantart.com,Female
Whit,waldredje@toplist.cz,Male
Galen,gbrosiusjf@merriam-webster.com,Male
Pierce,psmoughtonjg@soup.io,Male
Zaneta,zmatousjh@yolasite.com,Female
Jemie,jquantji@sun.com,Female
Ab,adeyenhardtjj@ucoz.ru,Male
Ugo,ubeagriejk@over-blog.com,Male
Stearne,sparamorejl@google.com.hk,Male
Marcel,mstarmerjm@tumblr.com,Bigender
Jodi,jtrebyjn@youku.com,Male
Zora,zmullinerjo@engadget.com,Female
Chuck,cnewartejp@google.com,Male
Petr,pjurzykjq@google.es,Bigender
Wilburt,wgatlandjr@shareasale.com,Male
Jillana,joutrightjs@dell.com,Female
Harrison,hcapstackjt@posterous.com,Male
Dilan,dtrenouthju@nifty.com,Male
Gaile,gleachjv@123-reg.co.uk,Male
Aland,ahaskurjw@sourceforge.net,Male
Amabel,awingatejx@google.es,Bigender
Angil,aleveringtonjy@samsung.com,Female
Gabriel,gtromansjz@census.gov,Male
Ari,apickk0@ucoz.com,Male
Allan,ajurisick1@hc360.com,Male
Guy,gjestyk2@sitemeter.com,Male
Giorgio,gtaudevink3@wix.com,Male
Fairlie,flawriek4@prweb.com,Male
Emery,eregelousk5@epa.gov,Male
Sofia,ssuterk6@sourceforge.net,Female
Curry,cbaldryk7@washingtonpost.com,Male
Rea,rleavesleyk8@lulu.com,Female
Lothaire,lgazzardk9@yandex.ru,Male
Isabelle,iregglerka@symantec.com,Female
Baron,bdruhankb@bloomberg.com,Male
Eberhard,ealexsandrovkc@studiopress.com,Male
Datha,dhowsamkd@furl.net,Female
Daloris,dmacguffogke@theglobeandmail.com,Female
Kasper,kbessantkf@photobucket.com,Male
Bab,bsenettkg@fastcompany.com,Female
Petra,pferrettinikh@youtu.be,Female
Tate,tbrannanki@freewebs.com,Male
Martguerita,mpittolikj@tripod.com,Female
Valentina,vkelsonkk@flickr.com,Female
Niven,ncrebokl@nasa.gov,Male
Madge,minnerstonekm@bizjournals.com,Female
Rowe,rtuxillkn@wikimedia.org,Female
Phillida,pterrellyko@google.nl,Polygender
Georgianna,gboakkp@independent.co.uk,Female
Jeniffer,jbarklykq@naver.com,Female
Marsiella,mridingskr@vimeo.com,Female
Adelbert,apuddicombeks@histats.com,Male
Noellyn,nwhelankt@japanpost.jp,Female
Dolley,dspadaroku@tuttocitta.it,Female
Ricky,rbeggkv@seesaa.net,Male
Lizbeth,lhanrottkw@qq.com,Female
Brnaby,bredsullkx@miibeian.gov.cn,Male
Daffy,dolyfatky@weibo.com,Female
York,ykleinerkz@printfriendly.com,Male
Kelley,kdreschlerl0@miitbeian.gov.cn,Male
Griswold,gmcgownl1@imageshack.us,Male
Horace,hsamarthl2@amazon.co.uk,Polygender
Ashlan,atiel3@yolasite.com,Female
Rance,rmaclleesel4@bbc.co.uk,Male
Reinold,rcootsl5@usa.gov,Male
Timmi,tgatherelll6@techcrunch.com,Non-binary
Smith,scaffl7@multiply.com,Male
Ranee,rbecketl8@alexa.com,Female
Hyacintha,hcoatmanl9@weebly.com,Female
Tommie,ttilsleyla@goodreads.com,Male
Sari,smcvanamylb@xinhuanet.com,Female
Myrtle,mdannehllc@w3.org,Genderfluid
Eziechiele,ebrookzield@huffingtonpost.com,Male
Katy,kmelsonle@joomla.org,Female
Camellia,cinchboardlf@infoseek.co.jp,Female
Barbie,bpaleklg@angelfire.com,Agender
Curt,cperkislh@multiply.com,Male
Nell,ntillmanli@blogtalkradio.com,Female
Vincents,vfiskelj@google.com,Male
Stefa,sfardonlk@nasa.gov,Female
Henka,hdoodyll@opensource.org,Polygender
Christean,ccuddehylm@e-recht24.de,Female
Hirsch,hlamersln@comcast.net,Genderfluid
Marlin,msotworthlo@ox.ac.uk,Male
Leonard,lkurtonlp@ifeng.com,Bigender
Ardisj,admiseklq@qq.com,Female
Rhea,rboatswainlr@mac.com,Female
Lissa,ltannerls@amazon.co.uk,Female
Charmion,cwaulkerlt@wordpress.org,Female
Tabor,tmalkinsonlu@friendfeed.com,Male
Jyoti,jmoyseylv@yahoo.co.jp,Female
Tommy,tcawthornlw@wikispaces.com,Male
Rea,rgalletleylx@flickr.com,Female
Bertrando,bpawfootly@amazon.co.uk,Male
Ilysa,ifilderylz@google.ru,Female
Gretna,galfonsettom0@geocities.com,Female
Care,chebbardm1@joomla.org,Male
Jandy,jpetrillom2@webeden.co.uk,Non-binary
Rani,rbanksm3@google.co.uk,Bigender
Doralynn,dmiddlewickm4@state.gov,Female
Molli,msteartm5@wunderground.com,Female
Blondie,bgorhardtm6@auda.org.au,Female
Nicoli,ngiorgim7@domainmarket.com,Female
Wenonah,wholdem8@theglobeandmail.com,Female
Abagail,aoleshuninm9@miitbeian.gov.cn,Female
Alex,ahindmoorma@economist.com,Male
Poppy,prosbottommb@yale.edu,Female
Jackie,jbennismc@cpanel.net,Male
Marianne,mstobbemd@cornell.edu,Female
Stormi,syuryshevme@odnoklassniki.ru,Female
Barri,baddeycottmf@pagesperso-orange.fr,Male
Andonis,apattesallmg@cdc.gov,Male
Ivett,iradenmh@ox.ac.uk,Female
Halie,hborrellmi@bbc.co.uk,Female
Nicolas,nmccarrickmj@1688.com,Male
Talbot,tezzellmk@yahoo.com,Male
Trix,tvirginml@blogtalkradio.com,Female
Melisandra,mwavellmm@google.de,Genderfluid
Jana,jeblemn@multiply.com,Female
Celestyna,cgilmanmo@seesaa.net,Agender
Cary,cwrightemmp@merriam-webster.com,Female
Agnola,apendleberrymq@redcross.org,Female
Roseline,rgathercolemr@netscape.com,Female
Cymbre,crawlinsonms@globo.com,Female
Valeda,vobleinmt@blogger.com,Female
Faye,flittlermu@phpbb.com,Female
Menard,mdornmv@cisco.com,Male
Winna,wchandermw@vinaora.com,Female
Drusie,ddampmx@vkontakte.ru,Female
Pattin,psinkinmy@tamu.edu,Agender
Pacorro,pmacsharrymz@theguardian.com,Male
Katheryn,knethercliftn0@mayoclinic.com,Female
Gray,ghulmesn1@house.gov,Female
Abraham,amcconnultyn2@geocities.com,Male
Saundra,ssweetmoren3@xinhuanet.com,Male
Guglielmo,ggentn4@examiner.com,Male
Lebbie,ljoplinn5@nationalgeographic.com,Non-binary
Lisha,ldwyern6@mapy.cz,Female
Eliot,eboulesn7@squidoo.com,Male
Gardy,gmclenaghann8@tripadvisor.com,Male
Basilius,bpencotn9@dion.ne.jp,Male
Lane,lwensleyna@gmpg.org,Male
Tierney,tmeenannb@cnbc.com,Female
Ulrika,usunshinenc@amazonaws.com,Female
Elisha,emccollumnd@hhs.gov,Male
Garv,gsymesne@tinypic.com,Male
Lewes,ldalgarnowchnf@loc.gov,Male
Hendrik,hhalworthng@columbia.edu,Male
Wilbert,wannisnh@bloomberg.com,Male
Cheslie,cishamni@tumblr.com,Female
Shannon,sfirbynj@examiner.com,Female
Lynnet,lhawksleenk@cdc.gov,Female
Jamie,jglazebrooknl@noaa.gov,Male
Ikey,imilburnnm@weebly.com,Male
Bank,bsurcombenn@nyu.edu,Male
Grier,gridewoodno@sun.com,Female
Deedee,dgotteliernp@bloomberg.com,Female
Verne,vwalchnq@whitehouse.gov,Male
Karlotta,kaxenr@xinhuanet.com,Female
Shem,sbellerbyns@taobao.com,Male
Dusty,dgauldnt@dot.gov,Female
Sibelle,scalderonu@bing.com,Female
Mollee,mkinlocknv@dedecms.com,Female
Baldwin,bmarlinnw@yellowbook.com,Male
Miles,mebenezernx@cisco.com,Genderfluid
Meggie,mdiclaudiony@ebay.co.uk,Female
Desirae,dveryannz@reference.com,Female
Tades,tportiso0@marketwatch.com,Male
Ravid,rbuxsyo1@wikia.com,Male
Yelena,ywannello2@dell.com,Female
Carlee,cneillanso3@smugmug.com,Female
Kellie,kskainso4@vistaprint.com,Female
Maryanne,mknevito5@webnode.com,Female
Krishnah,kpeekevouto6@addtoany.com,Male
Kennett,kjaquisso7@cmu.edu,Polygender
Bonny,bmapiso8@webeden.co.uk,Female
Oswell,omanifieldo9@bigcartel.com,Male
Damiano,dfarranceoa@networksolutions.com,Genderfluid
Mathe,mjostob@narod.ru,Male
Ursuline,uwillbourneoc@histats.com,Female
Jorgan,jmacvayod@bizjournals.com,Male
Dorey,dchasteroe@artisteer.com,Female
Lorens,lmattinglyof@weather.com,Male
Brade,bkelbyog@printfriendly.com,Male
Natala,nshackleoh@com.com,Female
Brittaney,bplenderleithoi@shinystat.com,Female
Dur,dtanzeroj@blogtalkradio.com,Male
Gran,gfusedaleok@mtv.com,Male
Ronica,rokeenanol@plala.or.jp,Female
Jory,jlindwallom@cloudflare.com,Male
Oberon,ostubbleyon@timesonline.co.uk,Male
Hortensia,hbaddileyoo@vinaora.com,Genderqueer
Rosaline,rboodellop@biblegateway.com,Female
Thadeus,tkarpfoq@imdb.com,Male
Job,jjorckeor@csmonitor.com,Male
Adelaida,aohartnedyos@upenn.edu,Female
Gypsy,gattwoolot@virginia.edu,Female
Quinta,qcoggeshallou@privacy.gov.au,Female
Timothy,tomandov@virginia.edu,Male
Rae,rgronavow@mozilla.com,Bigender
Lishe,ldengeox@toplist.cz,Non-binary
Brett,blaugheranoy@umich.edu,Male
Chadd,cgierckoz@intel.com,Male
Roddie,rkornesp0@fastcompany.com,Male
Imelda,ibraundp1@shop-pro.jp,Female
Wilek,wagentp2@is.gd,Male
Prentice,prusep3@canalblog.com,Male
Shamus,schaudronp4@cmu.edu,Male
Salvador,sellingsworthp5@github.com,Male
Lea,lmarchantp6@ucla.edu,Agender
Zane,zkittoep7@aol.com,Male
Jeanie,jfewingsp8@mlb.com,Female
Lenci,lcolmorep9@nasa.gov,Male
Nealy,nmortelpa@google.co.uk,Male
Jared,jdibbspb@soup.io,Male
Spenser,sdannehlpc@so-net.ne.jp,Male
Bobby,balvarpd@admin.ch,Non-binary
Veronike,veasmanpe@hexun.com,Female
Bevon,bebankspf@homestead.com,Male
Rhody,rkinnettpg@hugedomains.com,Female
Esme,eranscombph@europa.eu,Male
Hildy,hrustichpi@youtube.com,Female
Pierce,pfrischpj@japanpost.jp,Male
Nerte,nmillmoepk@webmd.com,Female
Jennie,jtuttonpl@engadget.com,Female
Katie,kedmeadespm@jiathis.com,Female
Kean,kaddesspn@arizona.edu,Male
Dido,dchadburnpo@seesaa.net,Female
Maximilien,mpurserpp@economist.com,Male
Alonso,abeardowpq@networksolutions.com,Male
Geri,gfeatherstonhalghpr@mayoclinic.com,Male
Shell,sparrinps@google.it,Male
Tana,tbenieshpt@opensource.org,Polygender
Catherina,cheikkinenpu@dell.com,Female
Catie,civanishinpv@vk.com,Female
Rebekah,rwitteypw@jalbum.net,Bigender
Holly-anne,hbenchpx@washingtonpost.com,Female
Alanson,astuckowpy@pcworld.com,Male
Agretha,ababarpz@nba.com,Female
Jordan,jgamblesq0@aol.com,Male
Harland,hgoulleeq1@geocities.jp,Male
Micky,mbeestonq2@telegraph.co.uk,Female
Lynett,larltq3@senate.gov,Female
Edna,eallgoodq4@nydailynews.com,Female
Dana,dwinterbottomq5@flickr.com,Female
Georgetta,gvolettq6@ftc.gov,Female
Raphael,rolleyq7@nba.com,Male
Bartholomeus,bgeibelq8@disqus.com,Male
Erskine,ehearleq9@senate.gov,Male
Farica,fsherwellqa@nature.com,Female
Reginald,rcarlozziqb@so-net.ne.jp,Male
Chrystel,cmaddyqc@phoca.cz,Female
Suzi,stolleqd@godaddy.com,Female
Galven,gslidesqe@canalblog.com,Genderqueer
Michel,mkeenanqf@businessweek.com,Female
Pepillo,ppoynterqg@artisteer.com,Male
Aharon,aclohessyqh@paypal.com,Male
Siegfried,sdomangeqi@nytimes.com,Male
Ana,acamellqj@desdev.cn,Female
Agretha,aoloughnanqk@indiatimes.com,Female
Jannel,jdeverilql@fastcompany.com,Female
Nicky,nkelingeqm@chron.com,Female
Joscelin,jfrosdickqn@bbc.co.uk,Female
Arlena,aohartnedyqo@a8.net,Non-binary
Virge,vusherqp@bbc.co.uk,Male
Rici,rcreeqq@networksolutions.com,Female
Gardner,ggrigsonqr@accuweather.com,Male
Marius,mvargasqs@woothemes.com,Male
Henrik,haristideqt@yahoo.co.jp,Male
Jamie,jdunkersleyqu@dailymail.co.uk,Female
Sherman,scutforthqv@bravesites.com,Male
Oren,obrombellqw@typepad.com,Male
Tracie,tesserqx@sohu.com,Male
Kyle,ksteenqy@ovh.net,Male
Tobi,tteacyqz@dailymotion.com,Female
Wilburt,wregglerr0@sogou.com,Male
Alanna,abenr1@ed.gov,Female
Ephrayim,etattershawr2@europa.eu,Male
Marketa,mmcqueenr3@nhs.uk,Genderfluid
Reuven,rmacronaldr4@about.me,Male
Berri,bsouthernr5@netscape.com,Female
Mendy,mroadsr6@usatoday.com,Male
Rey,rclementelr7@phpbb.com,Female
Humfrid,hbartleyr8@timesonline.co.uk,Male
Dodie,dklicherr9@hp.com,Female
Nelle,nalfonsettira@intel.com,Female
Dani,dglennonrb@nasa.gov,Female
Mord,mpougherrc@devhub.com,Male
Bernie,blanderrd@multiply.com,Female
Dwain,dwickmannre@free.fr,Male
Lesley,lgammagerf@dell.com,Female
Derick,dwoolertonrg@topsy.com,Male
Ermanno,egovenlockrh@gravatar.com,Male
Jacynth,jhaspineallri@twitter.com,Female
Maisie,mleederrj@washington.edu,Female
Isacco,idecroixrk@about.com,Male
Annabelle,akovnotrl@nymag.com,Female
Verne,vgerretsrm@unblog.fr,Male
Bibbie,bewebankrn@kickstarter.com,Female
Caz,cbovisro@google.com,Male
Rudie,rdellarp@webeden.co.uk,Male
Alphonso,aellicomberq@xing.com,Male
Prince,pjoslingrr@goo.ne.jp,Male
